City_ID,City,Country,Date,Lat,Lng,Max Temp,Humidity,Cloudiness,Wind Speed
0,Mar Del Plata,AR,2022-04-20 22:44:24,-38.0023,-57.5575,64.42,92,0,10.0
1,Vila,PT,2022-04-20 22:49:16,42.0304,-8.1588,38.28,77,17,3.56
2,Ostrovnoy,RU,2022-04-20 22:49:17,68.0531,39.5131,33.12,94,100,9.57
3,Thompson,CA,2022-04-20 22:49:17,55.7435,-97.8558,33.96,51,75,13.8
4,Atuona,PF,2022-04-20 22:49:17,-9.8,-139.0333,79.57,74,43,17.78
5,Hobart,AU,2022-04-20 22:45:02,-42.8794,147.3294,51.66,72,75,8.05
6,Ribeira Grande,PT,2022-04-20 22:49:18,38.5167,-28.7,59.7,67,8,4.16
7,Cape Town,ZA,2022-04-20 22:49:19,-33.9258,18.4232,65.26,92,100,7.0
8,Bluff,NZ,2022-04-20 22:48:08,-46.6,168.3333,59.81,93,91,15.82
9,Cabo San Lucas,MX,2022-04-20 22:49:19,22.8909,-109.9124,77.05,69,0,5.99
10,Tasiilaq,GL,2022-04-20 22:49:20,65.6145,-37.6368,32.16,93,74,4.21
11,Jiazi,CN,2022-04-20 22:49:20,22.8779,116.067,68.88,87,100,5.37
12,Kodiak,US,2022-04-20 22:49:21,57.79,-152.4072,42.31,81,75,6.91
13,Ilulissat,GL,2022-04-20 22:49:21,69.2167,-51.1,15.82,48,23,8.05
14,Hithadhoo,MV,2022-04-20 22:49:21,-0.6,73.0833,82.54,70,97,2.71
15,Cayenne,GF,2022-04-20 22:49:22,4.9333,-52.3333,79.09,1,75,3.44
16,Kargasok,RU,2022-04-20 22:49:22,59.0556,80.8572,34.41,99,100,3.87
17,Qaanaaq,GL,2022-04-20 22:49:23,77.484,-69.3632,-3.03,84,100,5.79
18,Luchow,DE,2022-04-20 22:49:23,52.9667,11.15,45.73,87,99,7.09
19,Madan,BG,2022-04-20 22:49:23,41.5,24.95,34.72,88,47,4.92
20,Hajnowka,PL,2022-04-20 22:49:24,52.7433,23.5812,47.01,87,100,1.99
21,Ushuaia,AR,2022-04-20 22:49:24,-54.8,-68.3,46.06,71,75,14.97
22,Bethel,US,2022-04-20 22:49:25,41.3712,-73.414,56.75,41,0,8.05
23,Hami,CN,2022-04-20 22:49:25,42.8,93.45,56.55,13,78,11.54
24,Klaksvik,FO,2022-04-20 22:49:26,62.2266,-6.589,43.72,92,3,14.88
25,Llanes,ES,2022-04-20 22:49:26,43.4198,-4.7549,48.99,78,79,14.25
26,Kinna,SE,2022-04-20 22:49:26,57.5073,12.6946,50.45,64,69,7.47
27,Port Alfred,ZA,2022-04-20 22:49:27,-33.5906,26.891,71.56,65,14,8.99
28,Mujiayingzi,CN,2022-04-20 22:49:27,42.1167,118.7833,60.26,35,85,7.54
29,Souillac,MU,2022-04-20 22:49:28,-20.5167,57.5167,75.58,94,75,1.14
30,Cobija,BO,2022-04-20 22:49:28,-11.0267,-68.7692,74.71,95,80,2.59
31,Bredasdorp,ZA,2022-04-20 22:49:28,-34.5322,20.0403,63.45,68,100,3.24
32,Matagami,CA,2022-04-20 22:49:29,49.7502,-77.6328,39.31,28,0,3.44
33,Gerash,IR,2022-04-20 22:49:29,27.6652,54.1371,69.75,40,21,2.55
34,Ambulu,ID,2022-04-20 22:49:30,-8.345,113.6058,75.63,88,97,2.64
35,Roald,NO,2022-04-20 22:49:30,62.5833,6.1333,46.33,100,100,8.05
36,Alihe,CN,2022-04-20 22:49:31,50.5667,123.7167,36.37,56,88,3.31
37,Katsuura,JP,2022-04-20 22:49:31,35.1333,140.3,59.74,82,93,3.65
38,Norman Wells,CA,2022-04-20 22:49:31,65.282,-126.8329,35.64,27,0,3.44
39,Rikitea,PF,2022-04-20 22:48:56,-23.1203,-134.9692,78.71,71,3,19.75
40,Champerico,GT,2022-04-20 22:49:32,14.3,-91.9167,88.34,64,8,8.79
41,Bedesa,ET,2022-04-20 22:49:32,8.9,40.7833,62.71,79,22,4.54
42,Namibe,AO,2022-04-20 22:46:17,-15.1961,12.1522,76.1,83,90,4.52
43,Longyearbyen,SJ,2022-04-20 22:49:33,78.2186,15.6401,28.24,69,20,20.71
44,Talnakh,RU,2022-04-20 22:49:34,69.4865,88.3972,-2.74,92,48,4.34
45,Diofior,SN,2022-04-20 22:49:34,14.1833,-16.6667,75.31,50,69,6.15
46,Bambous Virieux,MU,2022-04-20 22:49:34,-20.3428,57.7575,76.21,94,75,1.14
47,Sambava,MG,2022-04-20 22:50:35,-14.2667,50.1667,76.33,97,100,18.99
48,Kapaa,US,2022-04-20 22:50:35,22.0752,-159.319,82.38,78,40,17.27
49,Bengkulu,ID,2022-04-20 22:50:36,-3.8004,102.2655,76.15,87,99,7.83
50,San Patricio,US,2022-04-20 22:50:36,28.017,-97.5169,84.18,61,69,20.2
51,Husavik,IS,2022-04-20 22:50:36,66.0449,-17.3389,41.99,89,92,9.33
52,Omboue,GA,2022-04-20 22:50:37,-1.5746,9.2618,78.21,91,98,3.02
53,Mataura,NZ,2022-04-20 22:48:08,-46.1927,168.8643,59.49,93,99,2.59
54,Punta Arenas,CL,2022-04-20 22:48:43,-53.15,-70.9167,48.31,71,75,20.71
55,Chavakkad,IN,2022-04-20 22:50:58,10.5333,76.05,82.2,84,56,2.95
56,Arraial Do Cabo,BR,2022-04-20 22:48:13,-22.9661,-42.0278,75.06,78,0,10.36
57,Nikolskoye,RU,2022-04-20 22:51:08,59.7035,30.7861,46.29,92,43,7.58
58,Valdivia,CL,2022-04-20 22:51:09,-39.8142,-73.2459,55.49,91,47,2.15
59,Petropavlovsk-Kamchatskiy,RU,2022-04-20 22:51:09,53.0452,158.6483,30.79,80,100,11.18
60,Tuktoyaktuk,CA,2022-04-20 22:51:10,69.4541,-133.0374,6.8,85,40,5.75
61,Mahebourg,MU,2022-04-20 22:51:10,-20.4081,57.7,76.24,94,75,1.14
62,Truth Or Consequences,US,2022-04-20 22:51:11,33.1284,-107.2528,89.83,5,0,17.27
63,Neiafu,TO,2022-04-20 22:51:21,-18.65,-173.9833,84.88,79,40,6.91
64,Victoria,HK,2022-04-20 22:46:31,22.2855,114.1577,73.94,85,92,5.01
65,Miranda,CO,2022-04-20 22:51:32,3.2499,-76.2281,68.94,90,62,1.61
66,Barcelos,PT,2022-04-20 22:51:32,41.5388,-8.6151,51.94,81,5,7.23
67,Albany,US,2022-04-20 22:48:10,42.6001,-73.9662,49.17,49,9,1.01
68,Laguna,US,2022-04-20 22:51:33,38.421,-121.4238,74.32,38,75,12.66
69,Cap-Aux-Meules,CA,2022-04-20 22:51:43,47.3821,-61.8597,42.85,65,75,17.27
70,Fortuna,US,2022-04-20 22:51:44,40.5982,-124.1573,58.12,82,75,9.22
71,Tiksi,RU,2022-04-20 22:51:44,71.6872,128.8694,10.69,96,100,4.81
72,Saint Anthony,US,2022-04-20 22:51:43,45.0205,-93.218,45.66,93,100,6.91
73,Zhicheng,CN,2022-04-20 22:51:55,30.2956,111.5047,60.71,83,0,2.46
74,Poronaysk,RU,2022-04-20 22:51:55,49.2167,143.1167,55.67,56,85,11.97
75,Puerto Ayora,EC,2022-04-20 22:51:56,-0.7393,-90.3518,76.96,87,100,7.58
76,Jamestown,US,2022-04-20 22:49:37,42.097,-79.2353,51.53,30,0,3.44
77,Sinnamary,GF,2022-04-20 22:52:04,5.3833,-52.95,77.0,90,100,10.49
78,Keetmanshoop,NA,2022-04-20 22:52:04,-26.5833,18.1333,68.7,32,9,14.38
79,Pangoa,PE,2022-04-20 22:52:05,-12.1167,-73.0,73.87,78,76,1.72
80,Tuatapere,NZ,2022-04-20 22:52:05,-46.1333,167.6833,57.31,93,100,10.67
81,Raudeberg,NO,2022-04-20 22:52:06,61.9875,5.1352,43.47,85,29,5.86
82,San Quintin,MX,2022-04-20 22:52:06,30.4833,-115.95,64.76,65,0,23.87
83,Lazarev,RU,2022-04-20 22:52:06,52.225,141.5131,31.55,98,100,7.43
84,Rantauprapat,ID,2022-04-20 22:52:07,2.1,99.8333,72.48,98,98,1.88
85,Hermanus,ZA,2022-04-20 22:52:07,-34.4187,19.2345,62.51,87,100,2.28
86,Enkhuizen,NL,2022-04-20 22:52:08,52.7,5.2833,52.0,79,16,4.0
87,Cockburn Town,TC,2022-04-20 22:52:08,21.4612,-71.1419,76.96,73,75,9.22
88,Alice Springs,AU,2022-04-20 22:52:09,-23.7,133.8833,58.55,44,30,6.91
89,Henties Bay,NA,2022-04-20 22:52:09,-22.116,14.2845,70.11,58,57,3.36
90,Nyimba,ZM,2022-04-20 22:52:10,-14.5566,30.8149,66.31,82,100,4.79
91,Mudu,CN,2022-04-20 22:52:10,31.252,120.5118,59.04,91,76,10.18
92,Yellowknife,CA,2022-04-20 22:52:10,62.456,-114.3525,32.56,40,20,10.36
93,Vardo,NO,2022-04-20 22:52:11,70.3705,31.1107,39.11,90,86,2.04
94,Esperance,AU,2022-04-20 22:52:11,-33.8667,121.9,57.04,73,83,7.38
95,Butaritari,KI,2022-04-20 22:52:12,3.0707,172.7902,81.18,81,84,14.07
96,Lagoa,PT,2022-04-20 22:53:12,39.05,-27.9833,58.86,71,51,10.04
97,Lompoc,US,2022-04-20 22:53:13,34.6391,-120.4579,72.01,58,0,17.27
98,Tarma,PE,2022-04-20 22:53:13,-11.4197,-75.6908,53.44,85,42,6.67
99,Cidreira,BR,2022-04-20 22:53:11,-30.1811,-50.2056,67.23,77,0,8.75
100,Bereda,ES,2022-04-20 22:53:14,43.2686,-7.5406,34.14,100,11,0.4
101,Sydney,AU,2022-04-20 22:53:02,-33.8679,151.2073,65.37,69,20,13.0
102,Alta Floresta,BR,2022-04-20 22:51:43,-9.8756,-56.0861,73.11,94,65,2.37
103,Peniche,PT,2022-04-20 22:48:50,39.3558,-9.3811,55.29,77,2,21.12
104,Nanortalik,GL,2022-04-20 22:52:03,60.1432,-45.2371,29.91,70,93,4.07
105,Isangel,VU,2022-04-20 22:52:47,-19.55,169.2667,82.6,69,56,7.49
106,Lorengau,PG,2022-04-20 22:53:16,-2.0226,147.2712,84.69,67,61,12.12
107,Zhuanghe,CN,2022-04-20 22:53:16,39.7008,122.9911,50.74,85,40,10.65
108,East London,ZA,2022-04-20 22:53:17,-33.0153,27.9116,69.22,68,3,8.25
109,Cherskiy,RU,2022-04-20 22:53:17,68.75,161.3,25.29,79,60,4.92
110,Avarua,CK,2022-04-20 22:53:17,-21.2078,-159.775,78.85,57,20,16.11
111,Busselton,AU,2022-04-20 22:50:59,-33.65,115.3333,54.1,90,1,10.96
112,Vallenar,CL,2022-04-20 22:51:29,-28.5708,-70.7581,64.69,50,53,2.55
113,Golakganj,IN,2022-04-20 22:53:18,26.1,89.8333,72.14,80,13,3.18
114,Nkhotakota,MW,2022-04-20 22:53:19,-12.9274,34.2961,70.72,89,97,8.1
115,Upernavik,GL,2022-04-20 22:53:19,72.7868,-56.1549,-5.73,77,38,6.08
116,Sun City West,US,2022-04-20 22:53:20,33.662,-112.3413,91.53,16,0,11.5
117,Chernyshevskiy,RU,2022-04-20 22:53:20,63.0128,112.4714,14.5,89,100,3.53
118,Sao Joao Da Barra,BR,2022-04-20 22:49:59,-21.6403,-41.0511,70.97,87,0,8.88
119,Leningradskiy,RU,2022-04-20 22:53:21,69.3833,178.4167,20.95,89,50,6.06
120,Saskylakh,RU,2022-04-20 22:49:26,71.9167,114.0833,5.29,96,100,3.8
121,Irbil,IQ,2022-04-20 22:53:21,36.1926,44.0106,58.82,47,0,4.61
122,Bilma,NE,2022-04-20 22:53:22,18.6853,12.9164,82.63,10,1,5.91
123,Comodoro Rivadavia,AR,2022-04-20 22:53:22,-45.8667,-67.5,60.66,36,0,17.27
124,Hlatikulu,SZ,2022-04-20 22:53:23,-26.9667,31.3167,47.89,93,78,2.95
125,Oranjestad,AW,2022-04-20 22:53:23,12.524,-70.027,82.35,74,20,16.11
126,Pangody,RU,2022-04-20 22:53:23,65.85,74.4859,7.32,92,100,19.82
127,Ovre Ardal,NO,2022-04-20 22:53:24,61.3167,7.8,37.08,81,12,5.06
128,Faanui,PF,2022-04-20 22:53:06,-16.4833,-151.75,81.03,69,31,6.78
129,Tupik,RU,2022-04-20 22:53:24,54.4253,119.9327,25.47,59,42,2.91
130,Gizo,SB,2022-04-20 22:53:25,-8.103,156.8419,83.68,74,67,7.96
131,Piacabucu,BR,2022-04-20 22:53:25,-10.4056,-36.4344,78.04,74,25,6.2
132,Paamiut,GL,2022-04-20 22:53:26,61.994,-49.6678,25.75,68,100,11.79
133,Caravelas,BR,2022-04-20 22:52:44,-17.7125,-39.2481,75.07,73,1,6.51
134,Salalah,OM,2022-04-20 22:49:25,17.0151,54.0924,80.69,78,40,4.61
135,Vaini,TO,2022-04-20 22:53:26,-21.2,-175.2,82.56,78,75,9.22
136,Male,MV,2022-04-20 22:52:05,4.1748,73.5089,83.61,72,59,6.17
137,Nova Borova,UA,2022-04-20 22:53:27,50.693,28.6345,40.35,83,100,6.82
138,Kavieng,PG,2022-04-20 22:53:42,-2.5744,150.7967,85.01,71,71,14.67
139,Ambur,IN,2022-04-20 22:54:27,12.7833,78.7,77.97,88,2,2.44
140,Severo-Kurilsk,RU,2022-04-20 22:54:28,50.6789,156.125,35.55,96,86,9.84
141,Carnarvon,AU,2022-04-20 22:54:28,-24.8667,113.6333,64.47,48,83,8.05
142,The Valley,AI,2022-04-20 22:54:29,18.217,-63.0578,80.46,65,20,12.66
143,Ponta Do Sol,PT,2022-04-20 22:49:34,32.6667,-17.1,61.72,63,22,6.91
144,Inhambane,MZ,2022-04-20 22:54:29,-23.865,35.3833,72.41,86,100,10.71
145,High Prairie,CA,2022-04-20 22:54:30,55.4334,-116.4858,40.69,56,100,2.8
146,Rodrigues Alves,BR,2022-04-20 22:54:30,-7.738,-72.6509,77.2,97,90,1.23
147,Canto Do Buriti,BR,2022-04-20 22:54:31,-8.11,-42.9444,78.67,57,27,3.24
148,Leyland,GB,2022-04-20 22:54:31,53.6979,-2.6876,50.94,73,41,1.01
149,Bubaque,GW,2022-04-20 22:54:31,11.2833,-15.8333,75.94,77,95,18.34
150,Hilo,US,2022-04-20 22:54:32,19.7297,-155.09,83.28,85,95,8.01
151,Yulara,AU,2022-04-20 22:54:32,-25.2406,130.9889,57.04,44,19,5.75
152,San Jeronimo,PE,2022-04-20 22:54:33,-11.9472,-75.2829,53.22,72,85,5.93
153,Port Macquarie,AU,2022-04-20 22:54:24,-31.4333,152.9167,67.89,67,19,5.48
154,Sterling,US,2022-04-20 22:50:45,39.0062,-77.4286,61.16,33,20,5.75
155,Grindavik,IS,2022-04-20 22:52:57,63.8424,-22.4338,46.35,93,75,6.91
156,Hanyang,CN,2022-04-20 22:54:34,32.1371,105.5126,56.35,79,45,2.13
157,Ancud,CL,2022-04-20 22:54:34,-41.8697,-73.8203,51.22,79,100,14.47
158,Kautokeino,NO,2022-04-20 22:54:35,69.0125,23.0412,35.06,92,99,3.44
159,Buchanan,LR,2022-04-20 22:54:35,5.8808,-10.0467,79.74,85,82,6.22
160,Pozo Colorado,PY,2022-04-20 22:54:36,-23.4923,-58.7972,78.82,44,0,5.3
161,Lebu,CL,2022-04-20 22:54:36,-37.6167,-73.65,51.66,83,3,7.54
162,Bathsheba,BB,2022-04-20 22:54:36,13.2167,-59.5167,79.41,65,20,17.27
163,Arlit,NE,2022-04-20 22:54:34,18.7369,7.3853,84.9,13,62,2.77
164,Havoysund,NO,2022-04-20 22:54:37,70.9963,24.6622,39.43,89,33,11.7
165,New Norfolk,AU,2022-04-20 22:52:53,-42.7826,147.0587,51.3,68,37,1.01
166,Kloulklubed,PW,2022-04-20 22:54:37,7.0419,134.2556,73.9,85,100,14.41
167,Kualakapuas,ID,2022-04-20 22:54:38,-3.0091,114.3876,74.61,96,97,0.63
168,Hauterive,FR,2022-04-20 22:54:38,46.0901,3.4459,54.75,93,100,3.8
169,Svetlaya,RU,2022-04-20 22:54:39,46.5389,138.3297,52.95,61,100,13.22
170,San Juan,AR,2022-04-20 22:54:39,-31.5375,-68.5364,67.8,46,4,15.01
171,Jalu,LY,2022-04-20 22:54:40,29.0331,21.5482,66.33,24,0,6.6
172,Mogadishu,SO,2022-04-20 22:54:40,2.0371,45.3438,82.63,70,89,12.15
173,Vega De Alatorre,MX,2022-04-20 22:54:40,20.0333,-96.6333,85.08,68,0,21.12
174,Touros,BR,2022-04-20 22:54:41,-5.1989,-35.4608,79.5,82,86,10.45
175,Marawi,PH,2022-04-20 22:54:41,7.9986,124.2928,72.52,87,94,1.12
176,Maricao,PR,2022-04-20 22:54:42,18.1808,-66.9799,74.71,89,100,2.51
177,Myitkyina,MM,2022-04-20 22:54:42,25.3833,97.4,67.3,94,98,2.35
178,Kavaratti,IN,2022-04-20 22:50:05,10.5669,72.642,83.91,75,6,11.7
179,Rawson,AR,2022-04-20 22:53:11,-43.3002,-65.1023,58.35,36,95,8.14
180,Katangli,RU,2022-04-20 22:54:43,51.7102,143.2326,35.74,96,100,8.48
181,Halden,NO,2022-04-20 22:54:43,59.1226,11.3871,46.83,69,30,7.31
182,Whitecourt,CA,2022-04-20 22:50:20,54.1502,-115.6855,38.44,70,75,5.75
183,Tezu,IN,2022-04-20 22:54:44,27.9167,96.1667,66.96,86,50,3.02
184,Kahului,US,2022-04-20 22:53:34,20.8947,-156.47,84.22,45,20,26.46
185,Doha,QA,2022-04-20 22:50:53,25.2867,51.5333,76.89,63,0,8.05
186,Vestmannaeyjar,IS,2022-04-20 22:55:45,63.4427,-20.2734,46.26,90,100,16.6
187,Hambantota,LK,2022-04-20 22:55:45,6.1241,81.1185,78.69,85,7,2.98
188,Nanning,CN,2022-04-20 22:55:45,22.8167,108.3167,64.85,85,20,3.31
189,Taoudenni,ML,2022-04-20 22:55:46,22.6783,-3.9836,87.91,13,2,11.01
190,Collie,AU,2022-04-20 22:55:46,-33.3667,116.15,50.68,96,8,6.42
191,Airai,TL,2022-04-20 22:55:47,-8.9266,125.4092,63.86,80,86,2.89
192,Bara,NG,2022-04-20 22:55:47,10.3744,10.7288,87.62,20,92,3.74
193,Emerald,AU,2022-04-20 22:55:48,-23.5333,148.1667,72.34,43,53,16.11
194,Aklavik,CA,2022-04-20 22:55:48,68.2191,-135.0107,23.0,58,0,5.75
195,Mayskiy,RU,2022-04-20 22:55:49,47.6931,40.1025,42.21,87,0,6.11
196,Sakakah,SA,2022-04-20 22:55:49,29.9697,40.2064,71.17,26,0,10.16
197,Saint-Philippe,RE,2022-04-20 22:55:50,-21.3585,55.7679,76.59,85,77,4.05
198,Karatau,KZ,2022-04-20 22:55:50,43.1667,70.4667,56.88,68,98,2.37
199,College,US,2022-04-20 22:53:42,64.8569,-147.8028,44.22,36,12,1.01
200,Ningxiang,CN,2022-04-20 22:55:50,37.34,111.2052,54.68,37,39,4.29
201,Karangampel,ID,2022-04-20 22:55:51,-6.4622,108.4519,78.64,85,98,6.22
202,Kirakira,SB,2022-04-20 22:55:51,-10.4544,161.9205,84.97,72,86,8.12
203,Port Elizabeth,ZA,2022-04-20 22:51:32,-33.918,25.5701,71.31,51,0,5.75
204,Dingle,PH,2022-04-20 22:55:52,10.9995,122.6711,79.47,85,22,7.29
205,Kushmurun,KZ,2022-04-20 22:55:53,52.4503,64.6311,54.16,81,100,8.66
206,Naklo Nad Notecia,PL,2022-04-20 22:55:53,53.1421,17.6018,47.44,97,100,8.12
207,Chuy,UY,2022-04-20 22:55:53,-33.6971,-53.4616,64.89,81,21,10.94
208,Jiuquan,CN,2022-04-20 22:55:54,39.7432,98.5174,46.67,17,87,5.61
209,Sorong,ID,2022-04-20 22:52:32,-0.8833,131.25,79.43,88,89,4.76
210,Tukrah,LY,2022-04-20 22:55:54,32.5341,20.5791,62.47,49,80,5.59
211,Half Moon Bay,US,2022-04-20 22:55:55,37.4636,-122.4286,72.18,51,75,19.57
212,Nova Olimpia,BR,2022-04-20 22:55:55,-14.7972,-57.2881,74.91,72,8,0.58
213,Setermoen,NO,2022-04-20 22:55:56,68.861,18.3486,41.43,86,17,3.0
214,Mount Isa,AU,2022-04-20 22:55:56,-20.7333,139.5,74.97,23,3,9.22
215,Rio Cuarto,AR,2022-04-20 22:51:03,-33.1307,-64.3499,60.57,67,20,14.97
216,Hasaki,JP,2022-04-20 22:55:57,35.7333,140.8333,59.29,81,89,8.34
217,Wuwei,CN,2022-04-20 22:55:57,37.9281,102.6414,50.79,17,100,5.1
218,Castro,BR,2022-04-20 22:55:58,-24.7911,-50.0119,58.33,79,0,3.02
219,Rio Verde De Mato Grosso,BR,2022-04-20 22:55:58,-18.9181,-54.8442,76.75,47,2,3.15
220,Bridlington,GB,2022-04-20 22:55:59,54.0831,-0.1919,46.89,81,79,9.35
221,Turukhansk,RU,2022-04-20 22:55:59,65.8167,87.9833,21.4,95,100,9.57
222,Turaiyur,IN,2022-04-20 22:56:00,11.1667,78.6167,81.66,77,0,3.83
223,Tawau,MY,2022-04-20 22:56:00,4.2498,117.8871,73.53,100,99,2.98
224,Dyersburg,US,2022-04-20 22:53:12,36.0345,-89.3856,61.29,88,100,6.91
225,Torbay,CA,2022-04-20 22:56:01,47.6666,-52.7314,47.28,92,100,32.21
226,Changzhou,CN,2022-04-20 22:56:01,31.7833,119.9667,60.08,93,95,9.55
227,Barrow,US,2022-04-20 22:57:02,71.2906,-156.7887,10.72,89,98,11.07
228,Troitskoye,RU,2022-04-20 22:57:02,52.9821,84.6757,38.05,93,100,4.81
229,Hun,LY,2022-04-20 22:57:03,29.1268,15.9477,70.86,16,32,16.2
230,Kununurra,AU,2022-04-20 22:57:03,-15.7667,128.7333,75.18,78,84,0.0
231,Westport,US,2022-04-20 22:57:04,41.1415,-73.3579,58.01,32,6,3.0
232,Sao Filipe,CV,2022-04-20 22:53:37,14.8961,-24.4956,72.32,80,87,4.14
233,Puerto Lempira,HN,2022-04-20 22:57:04,15.2667,-83.7667,84.34,70,40,0.0
234,Almaznyy,RU,2022-04-20 22:57:05,48.0448,40.045,39.42,87,1,7.36
235,Grand Gaube,MU,2022-04-20 22:57:05,-20.0064,57.6608,76.37,88,100,1.01
236,Ornes,NO,2022-04-20 22:57:06,66.8689,13.7078,40.77,83,11,3.6
237,Qaqortoq,GL,2022-04-20 22:53:56,60.7167,-46.0333,29.71,69,70,5.79
238,Bougouni,ML,2022-04-20 22:57:06,11.417,-7.479,88.34,11,17,5.17
239,Obo,CF,2022-04-20 22:57:07,5.3998,26.4869,69.28,97,91,4.52
240,Novoagansk,RU,2022-04-20 22:57:07,61.9449,76.6625,11.62,93,77,8.1
241,Nampula,MZ,2022-04-20 22:57:08,-15.1165,39.2666,67.42,96,80,4.83
242,Felanitx,ES,2022-04-20 22:57:08,39.4696,3.1483,55.92,82,93,13.91
243,Saldanha,ZA,2022-04-20 22:57:09,-33.0117,17.9442,59.05,90,85,7.18
244,Padang,ID,2022-04-20 22:57:09,-0.9492,100.3543,75.72,93,100,5.55
245,Gunjur,GM,2022-04-20 22:57:10,13.2019,-16.7339,69.87,88,0,9.22
246,Geraldton,AU,2022-04-20 22:57:10,-28.7667,114.6,63.01,55,95,5.75
247,Haines Junction,CA,2022-04-20 22:57:11,60.7522,-137.5108,40.95,30,100,4.61
248,Launceston,AU,2022-04-20 22:57:11,-41.45,147.1667,52.81,69,24,1.14
249,Zhezkazgan,KZ,2022-04-20 22:57:11,47.8043,67.7144,53.13,45,24,3.04
250,Parrita,CR,2022-04-20 22:57:12,9.5201,-84.3225,81.72,72,100,6.82
251,Cowra,AU,2022-04-20 22:57:12,-33.8333,148.6833,62.17,61,82,6.89
252,Abakaliki,NG,2022-04-20 22:57:13,6.3163,8.1169,80.65,77,94,13.11
253,Constitucion,CL,2022-04-20 22:57:13,-35.3333,-72.4167,52.88,75,3,13.96
254,Provideniya,RU,2022-04-20 22:57:14,64.3833,-173.3,32.36,69,0,0.0
255,Kota Bahru,MY,2022-04-20 22:57:15,6.1333,102.2386,76.98,94,20,0.0
256,Teguise,ES,2022-04-20 22:57:15,29.0605,-13.564,59.22,59,40,25.32
257,Tshikapa,CD,2022-04-20 22:55:09,-6.4167,20.8,70.99,98,100,2.24
258,Akividu,IN,2022-04-20 22:57:16,16.6,81.3833,81.39,82,18,6.58
259,Marsabit,KE,2022-04-20 22:57:16,2.3284,37.9899,65.16,88,98,14.76
260,Belaya Gora,RU,2022-04-20 22:57:17,68.5333,146.4167,18.79,91,99,1.19
261,Prince Rupert,CA,2022-04-20 22:54:46,54.3161,-130.3201,55.49,38,0,11.5
262,Vieste,IT,2022-04-20 22:57:17,41.8825,16.175,55.08,77,100,7.61
263,Vanderhoof,CA,2022-04-20 22:54:07,54.0166,-124.0198,44.17,53,96,6.69
264,Talcahuano,CL,2022-04-20 22:57:18,-36.7167,-73.1167,56.88,67,0,13.8
265,Nuuk,GL,2022-04-20 22:55:55,64.1835,-51.7216,23.88,45,88,7.31
266,Yakeshi,CN,2022-04-20 22:57:19,49.2833,120.7333,35.96,45,100,5.82
267,Lata,PT,2022-04-20 22:52:33,40.1629,-8.3327,52.07,89,2,3.62
268,Dikson,RU,2022-04-20 22:57:19,73.5069,80.5464,-4.65,100,94,9.75
269,Tambopata,PE,2022-04-20 22:57:20,-12.7333,-69.1833,84.09,79,0,2.3
270,Cairns,AU,2022-04-20 22:57:21,-16.9167,145.7667,82.06,88,75,9.22
271,Onega,RU,2022-04-20 22:58:21,63.9061,38.1404,25.93,95,9,2.84
272,Rio Gallegos,AR,2022-04-20 22:58:21,-51.6226,-69.2181,51.85,54,75,11.5
273,Sitka,US,2022-04-20 22:58:22,57.0531,-135.33,49.01,61,77,1.54
274,Minnetonka,US,2022-04-20 22:56:29,44.9133,-93.5033,46.11,94,100,3.44
275,Juruti,BR,2022-04-20 22:58:23,-2.1522,-56.0922,75.88,94,100,1.77
276,Georgetown,MY,2022-04-20 22:55:28,5.4112,100.3354,78.73,99,20,2.3
277,Khatanga,RU,2022-04-20 22:58:23,71.9667,102.5,-11.99,100,100,1.92
278,Saint George,US,2022-04-20 22:58:24,37.1041,-113.5841,81.79,16,11,1.99
279,Kaitangata,NZ,2022-04-20 22:58:24,-46.2817,169.8464,57.87,98,92,3.98
280,Northam,GB,2022-04-20 22:58:25,51.0333,-4.2167,51.62,82,32,6.2
281,Alofi,NU,2022-04-20 22:58:25,-19.0595,-169.9187,85.89,70,75,8.05
282,Aquidauana,BR,2022-04-20 22:58:25,-20.4711,-55.7872,79.27,47,12,3.38
283,Kapoeta,SS,2022-04-20 22:58:26,4.7717,33.5903,76.8,72,100,2.86
284,Evanston,US,2022-04-20 22:54:22,42.0411,-87.6901,51.48,73,100,8.01
285,Syzran,RU,2022-04-20 22:58:26,53.1585,48.4681,49.42,86,100,16.06
286,Sabha,LY,2022-04-20 22:58:27,27.0377,14.4283,74.26,16,85,12.88
287,Hohhot,CN,2022-04-20 22:58:27,40.8106,111.6522,48.49,43,20,20.13
288,San Angelo,US,2022-04-20 22:54:15,31.4638,-100.437,95.95,23,19,15.01
289,Chacabuco,AR,2022-04-20 22:58:28,-34.6417,-60.4739,63.39,73,91,7.4
290,Port Hardy,CA,2022-04-20 22:58:28,50.6996,-127.4199,48.38,66,100,18.41
291,Yerbogachen,RU,2022-04-20 22:58:29,61.2767,108.0108,18.81,89,43,4.52
292,Okha,RU,2022-04-20 22:58:29,53.5739,142.9478,30.87,93,100,17.43
293,Mnogovershinnyy,RU,2022-04-20 22:58:30,53.9353,139.9242,28.17,91,97,5.77
294,Maniitsoq,GL,2022-04-20 22:58:30,65.4167,-52.9,20.12,57,87,5.5
295,Naze,JP,2022-04-20 22:53:57,28.3667,129.4833,68.92,79,100,13.73
296,Yumen,CN,2022-04-20 22:58:31,40.2833,97.2,46.65,19,100,5.61
297,Tura,IN,2022-04-20 22:58:31,25.5198,90.2201,66.43,74,1,2.48
298,Makakilo City,US,2022-04-20 22:55:19,21.3469,-158.0858,79.02,60,43,17.36
299,Tashtyp,RU,2022-04-20 22:58:32,52.7939,89.8983,36.41,98,99,2.75
300,Punto Fijo,VE,2022-04-20 22:55:13,11.6956,-70.1996,80.87,73,84,16.67
301,Limoges,FR,2022-04-20 22:54:12,45.75,1.3333,52.36,87,0,3.44
302,Nome,US,2022-04-20 22:58:32,64.5011,-165.4064,38.1,56,5,4.74
303,Merauke,ID,2022-04-20 22:55:06,-8.4667,140.3333,81.72,80,100,3.96
304,Keskin,TR,2022-04-20 22:58:33,39.6731,33.6136,43.32,52,7,4.12
305,Muros,ES,2022-04-20 22:58:33,42.7762,-9.0603,46.83,83,11,4.47
306,Yar-Sale,RU,2022-04-20 22:58:34,66.8333,70.8333,11.39,91,100,22.32
307,Amahai,ID,2022-04-20 22:58:34,-3.3333,128.9167,80.42,81,47,1.43
308,Treinta Y Tres,UY,2022-04-20 22:58:35,-33.2333,-54.3833,65.89,61,51,11.03
309,Willowmore,ZA,2022-04-20 22:58:35,-33.2926,23.4895,65.97,33,93,4.14
310,Umkomaas,ZA,2022-04-20 22:58:36,-30.2067,30.7978,64.67,83,0,9.75
311,Ginir,ET,2022-04-20 22:58:36,7.1333,40.7,58.17,79,56,4.43
312,Uribia,CO,2022-04-20 22:58:36,11.7139,-72.266,80.76,73,78,13.18
313,San Policarpo,PH,2022-04-20 22:58:37,12.1791,125.5072,81.18,83,84,8.01
314,Najran,SA,2022-04-20 22:57:11,17.4924,44.1277,75.85,21,36,2.53
315,Pevek,RU,2022-04-20 22:58:37,69.7008,170.3133,23.83,77,100,0.85
316,North Myrtle Beach,US,2022-04-20 22:58:38,33.816,-78.68,61.38,57,4,4.0
317,Afzalpur,IN,2022-04-20 22:59:38,17.2,76.35,91.18,33,83,9.8
318,Coihaique,CL,2022-04-20 22:59:39,-45.5752,-72.0662,49.95,66,75,5.75
319,Hurricane,US,2022-04-20 22:59:39,37.1753,-113.2899,82.74,20,9,10.33
320,Dicabisagan,PH,2022-04-20 22:59:40,17.0818,122.4157,78.37,85,2,1.05
321,Bestobe,KZ,2022-04-20 22:59:40,52.4994,73.0975,52.45,80,99,13.13
322,Samarai,PG,2022-04-20 22:59:41,-10.6167,150.6667,82.9,76,99,12.3
323,Ucluelet,CA,2022-04-20 22:59:41,48.9329,-125.5528,48.09,84,100,1.01
324,Hamilton,US,2022-04-20 22:55:57,39.1834,-84.5333,65.03,36,88,4.0
325,Ust-Koksa,RU,2022-04-20 22:59:42,50.2696,85.6108,33.31,85,99,1.79
326,Kijang,KR,2022-04-20 22:59:42,35.2442,129.2139,55.13,53,100,6.04
327,San Cristobal,VE,2022-04-20 22:59:42,7.7669,-72.225,78.98,90,99,1.52
328,Kandrian,PG,2022-04-20 22:59:43,-6.2167,149.55,82.58,76,87,4.25
329,El Jicaro,GT,2022-04-20 22:59:43,14.9167,-89.9,94.53,37,53,7.49
330,San Andres,CO,2022-04-20 22:59:43,12.5847,-81.7006,84.22,70,20,6.91
331,Manado,ID,2022-04-20 22:59:44,1.487,124.8455,75.97,94,20,1.14
332,Gold Coast,AU,2022-04-20 22:59:44,-28.0,153.4333,77.18,78,56,9.22
333,Yarmouth,US,2022-04-20 22:59:45,41.7057,-70.2286,53.96,60,6,3.0
334,Monroe,US,2022-04-20 22:55:40,43.1501,-77.6831,49.53,51,62,4.0
335,Hay River,CA,2022-04-20 22:59:45,60.8156,-115.7999,30.18,51,0,9.22
336,Luwingu,ZM,2022-04-20 22:59:46,-10.2621,29.9271,60.13,98,100,4.32
337,Gravelbourg,CA,2022-04-20 22:59:13,49.8834,-106.5512,32.27,73,100,18.01
338,Key Largo,US,2022-04-20 22:59:46,25.0865,-80.4473,78.01,72,67,20.87
339,Kruisfontein,ZA,2022-04-20 22:59:47,-34.0033,24.7314,69.44,31,92,5.1
340,Shelburne,CA,2022-04-20 22:59:47,44.0787,-80.2041,48.76,56,72,5.14
341,Bassila,BJ,2022-04-20 22:59:48,9.0081,1.6654,77.85,71,100,8.37
342,Tisovec,SK,2022-04-20 22:59:48,48.6774,19.9436,38.64,80,8,4.43
343,Troy,US,2022-04-20 22:58:54,42.6056,-83.1499,49.82,63,100,5.99
344,Kudahuvadhoo,MV,2022-04-20 22:59:49,2.6708,72.8944,83.57,72,41,7.47
345,Russell,US,2022-04-20 22:59:49,32.3502,-85.1999,73.11,47,77,5.88
346,Betsiamites,CA,2022-04-20 22:59:49,48.9413,-68.646,42.89,68,40,19.04
347,Alyangula,AU,2022-04-20 22:59:50,-13.8483,136.4192,73.27,100,88,1.14
348,Chicama,PE,2022-04-20 22:59:50,-7.8447,-79.1469,66.74,70,21,8.19
349,Qandala,SO,2022-04-20 22:59:51,11.472,49.8728,81.9,63,0,4.92
350,Tautira,PF,2022-04-20 22:59:51,-17.7333,-149.15,80.55,74,15,9.44
351,Babu,CN,2022-04-20 22:59:51,24.4167,111.5167,63.59,95,18,1.54
352,Keti Bandar,PK,2022-04-20 22:59:52,24.1447,67.4497,79.07,85,0,12.73
353,Faya,SA,2022-04-20 22:59:52,18.3851,42.4509,66.72,49,50,1.1
354,Tumarbong,PH,2022-04-20 22:59:53,10.3766,119.4579,80.64,81,72,2.51
355,Port Augusta,AU,2022-04-20 22:59:53,-32.5,137.7667,64.26,65,65,8.75
356,Axim,GH,2022-04-20 22:59:54,4.8699,-2.2405,80.1,88,43,8.52
357,Owatonna,US,2022-04-20 22:58:15,44.0839,-93.226,45.14,85,100,6.91
358,Kitimat,CA,2022-04-20 22:59:54,54.0524,-128.6534,59.38,50,83,5.48
359,Saint-Pierre,RE,2022-04-20 22:59:55,-21.3393,55.4781,76.68,80,75,4.61
360,Tornio,FI,2022-04-20 22:59:55,65.8481,24.1466,30.22,92,39,4.12
361,Joshimath,IN,2022-04-20 22:59:56,30.5667,79.5667,58.55,46,98,6.85
362,Fairbanks,US,2022-04-20 22:59:01,64.8378,-147.7164,44.24,32,13,1.99
363,Chokurdakh,RU,2022-04-20 22:59:56,70.6333,147.9167,17.37,92,96,2.77
364,Kichera,RU,2022-04-20 22:59:57,55.9375,110.0997,26.49,97,100,6.67
365,Gamba,GA,2022-04-20 23:00:57,-2.65,10.0,75.76,93,97,5.01
366,Korla,CN,2022-04-20 23:00:31,41.7597,86.1469,62.15,39,99,13.11
367,Port Blair,IN,2022-04-20 23:00:35,11.6667,92.75,82.6,74,38,5.5
368,Ambilobe,MG,2022-04-20 23:00:58,-13.2,49.05,75.16,95,100,1.88
369,Aras,ES,2022-04-20 23:00:58,42.5617,-2.356,43.21,81,100,12.66
370,Vestmanna,FO,2022-04-20 23:00:59,62.1564,-7.1664,43.72,93,4,17.27
371,Kasiri,SL,2022-04-20 23:00:59,8.9412,-13.1148,79.34,81,55,3.42
372,Meridian,US,2022-04-20 23:00:34,43.6121,-116.3915,66.7,31,75,13.8
373,Kapenguria,KE,2022-04-20 23:01:00,1.2511,35.0895,59.02,90,90,3.06
374,Plettenberg Bay,ZA,2022-04-20 23:01:00,-34.0527,23.3716,71.17,42,92,7.63
375,Buin,CL,2022-04-20 23:01:01,-33.7333,-70.75,67.73,48,73,1.68
376,Esna,EG,2022-04-20 23:01:01,25.2934,32.554,67.69,29,0,12.75
377,Conway,US,2022-04-20 22:58:05,35.0887,-92.4421,60.89,100,100,5.75
378,Waren,DE,2022-04-20 23:01:02,53.5167,12.6833,39.61,92,98,8.95
379,Erenhot,CN,2022-04-20 23:01:03,43.6475,111.9767,37.67,51,78,23.2
380,Jabinyanah,TN,2022-04-20 23:01:03,35.035,10.9081,66.51,70,79,10.65
381,Sola,VU,2022-04-20 23:01:04,-13.8833,167.55,83.1,72,23,11.01
382,Atar,MR,2022-04-20 23:01:04,20.5169,-13.0499,82.65,19,10,7.02
383,Narsaq,GL,2022-04-20 23:01:05,60.9167,-46.05,35.82,63,64,3.04
384,Vanimo,PG,2022-04-20 23:01:05,-2.6741,141.3028,79.66,87,99,5.32
385,Ada,US,2022-04-20 23:01:06,43.4166,-116.1262,64.65,32,56,13.0
386,Blythe,US,2022-04-20 23:01:06,33.6103,-114.5964,91.04,14,0,12.82
387,Sinop,TR,2022-04-20 23:01:08,41.7711,34.8709,39.63,86,22,11.21
388,Guaiba,BR,2022-04-20 23:01:08,-30.1139,-51.325,69.3,81,2,8.08
389,Nayoro,JP,2022-04-20 23:01:09,44.3506,142.4578,52.99,44,0,10.38
390,Thunder Bay,CA,2022-04-20 22:58:28,48.4001,-89.3168,34.29,97,100,10.36
391,Jinchang,CN,2022-04-20 23:01:09,38.4953,102.1739,49.01,17,100,4.14
392,Andros Town,BS,2022-04-20 23:01:10,24.7,-77.7667,75.74,75,61,23.78
393,Guerrero Negro,MX,2022-04-20 23:01:10,27.9769,-114.0611,67.24,61,38,23.44
394,Terni,IT,2022-04-20 23:01:11,42.6833,12.3167,50.97,80,100,2.35
395,Burnie,AU,2022-04-20 23:01:11,-41.0667,145.9167,53.19,54,4,7.34
396,Stykkisholmur,IS,2022-04-20 23:01:12,65.0757,-22.7297,43.21,87,100,7.36
397,Flin Flon,CA,2022-04-20 23:01:12,54.7682,-101.865,32.45,87,100,11.54
398,Tateyama,JP,2022-04-20 23:01:14,34.9833,139.8667,64.09,78,94,5.79
399,Severodvinsk,RU,2022-04-20 23:01:14,64.5635,39.8302,24.91,95,14,4.85
400,Pacific Grove,US,2022-04-20 23:01:15,36.6177,-121.9166,63.25,77,14,14.0
401,Pointe-Noire,CG,2022-04-20 23:01:15,-4.7761,11.8635,76.69,92,100,3.69
402,San Joaquin,US,2022-04-20 23:01:16,37.9333,-121.3011,74.34,32,0,7.94
403,Nueva Loja,EC,2022-04-20 23:01:16,0.0847,-76.8828,73.27,96,71,2.01
404,Skibbereen,IE,2022-04-20 23:01:17,51.55,-9.2667,49.1,78,100,13.58
405,Antigonish,CA,2022-04-20 23:00:14,45.6169,-61.9986,48.15,55,50,11.99
406,Sukhothai,TH,2022-04-20 23:01:17,17.25,99.6667,79.95,63,21,2.39
407,Portland,US,2022-04-20 23:01:18,45.5234,-122.6762,54.52,86,75,14.97
408,Singaraja,ID,2022-04-20 23:01:19,-8.112,115.0882,78.37,83,98,3.22
409,Meulaboh,ID,2022-04-20 23:01:19,4.1363,96.1285,78.35,85,96,5.44
410,Guarapari,BR,2022-04-20 23:01:20,-20.6667,-40.4975,75.88,84,0,4.79
411,Sylvan Lake,CA,2022-04-20 23:01:20,52.3168,-114.0853,32.36,86,100,8.28
412,Mocuba,MZ,2022-04-20 23:02:21,-16.8392,36.9856,70.68,92,89,5.86
413,Balkhash,KZ,2022-04-20 23:02:21,46.844,74.9804,50.76,43,39,8.14
414,Haimen,CN,2022-04-20 23:02:22,23.1935,116.6142,67.37,92,100,3.94
415,Oistins,BB,2022-04-20 22:59:57,13.0667,-59.5333,78.89,65,20,17.27
416,Bonavista,CA,2022-04-20 23:02:22,48.6499,-53.1147,40.17,95,100,20.15
417,Tibiao,PH,2022-04-20 23:02:23,11.2915,122.0354,81.48,74,42,4.09
418,Catamarca,AR,2022-04-20 22:57:53,-28.4696,-65.7852,69.58,61,45,3.38
419,Darhan,MN,2022-04-20 23:02:24,49.4867,105.9228,32.63,46,55,2.8
420,Harlingen,US,2022-04-20 23:00:17,26.1906,-97.6961,82.49,42,100,16.73
421,Tazovskiy,RU,2022-04-20 23:02:24,67.4667,78.7,9.99,95,100,11.72
422,Santa Lucia,ES,2022-04-20 23:02:25,27.9117,-15.5407,56.77,68,75,24.16
423,Yangambi,CD,2022-04-20 23:02:25,0.8102,24.4336,69.35,99,100,1.7
424,Maarianhamina,AX,2022-04-20 23:02:26,60.0973,19.9348,39.06,87,0,8.05
425,Xinxiang,CN,2022-04-20 23:02:26,35.3089,113.8672,58.96,69,21,6.35
426,Chimbote,PE,2022-04-20 23:02:26,-9.0853,-78.5783,68.16,82,32,9.44
427,Zhigansk,RU,2022-04-20 23:02:27,66.7697,123.3711,20.5,93,100,4.81
428,General Delgado,PY,2022-04-20 23:02:27,-27.1667,-56.5167,72.1,71,65,5.17
429,Hirara,JP,2022-04-20 23:02:28,24.8,125.2833,74.95,81,100,18.54
430,Duverge,DO,2022-04-20 23:02:28,18.3784,-71.5247,78.85,84,100,3.53
431,San Vicente,AR,2022-04-20 22:59:55,-26.6167,-54.1333,62.06,76,6,1.36
432,Salekhard,RU,2022-04-20 23:02:29,66.53,66.6019,3.43,83,55,9.13
433,Ossora,RU,2022-04-20 23:02:29,59.2353,163.0719,23.22,81,10,1.28
434,Kanker,IN,2022-04-20 23:02:30,20.2719,81.4931,80.06,27,9,6.93
435,Tyumentsevo,RU,2022-04-20 23:02:30,53.3224,81.498,38.61,89,100,7.74
436,Madang,PG,2022-04-20 23:02:30,-5.2246,145.7966,80.22,77,98,2.73
437,Namatanai,PG,2022-04-20 23:02:31,-3.6667,152.4333,84.16,71,97,10.11
438,Nakusp,CA,2022-04-20 23:01:57,50.2499,-117.8023,51.48,47,55,4.16
439,Luwuk,ID,2022-04-20 23:02:04,-0.9516,122.7875,79.81,81,99,1.3
440,Langenburg,DE,2022-04-20 23:02:32,49.2544,9.8458,43.5,73,75,4.61
441,Sampit,ID,2022-04-20 23:02:33,-2.5333,112.95,73.44,99,96,0.81
442,Marsh Harbour,BS,2022-04-20 23:02:33,26.5412,-77.0636,72.77,71,98,23.6
443,Surab,PK,2022-04-20 23:02:34,28.4914,66.2585,60.84,23,0,3.67
444,Asau,RO,2022-04-20 23:02:34,46.4333,26.4,38.95,73,95,4.34
445,Beringovskiy,RU,2022-04-20 23:02:35,63.05,179.3167,29.03,89,98,1.72
446,Tilichiki,RU,2022-04-20 22:59:35,60.4667,166.1,17.2,88,88,6.44
447,Sioux Lookout,CA,2022-04-20 22:58:56,50.1001,-91.917,32.07,100,100,6.91
448,Arvi,IN,2022-04-20 23:02:35,20.9833,78.2333,90.07,16,60,2.71
449,Aksarka,RU,2022-04-20 23:02:36,66.5606,67.7975,3.65,82,93,10.22
450,Chambas,CU,2022-04-20 23:00:11,22.1928,-78.9136,77.2,72,57,14.47
451,Havre-Saint-Pierre,CA,2022-04-20 23:02:36,50.2334,-63.5986,35.96,87,100,13.8
452,Oleiros,ES,2022-04-20 23:02:37,43.3333,-8.3167,48.4,80,20,4.61
453,Sur,OM,2022-04-20 23:02:37,22.5667,59.5289,83.68,46,93,9.86
454,Todi,IT,2022-04-20 23:02:37,42.7799,12.4046,55.22,75,100,1.83
455,Awbari,LY,2022-04-20 23:03:38,26.5921,12.7805,75.45,13,90,17.69
456,Vila Franca Do Campo,PT,2022-04-20 23:03:38,37.7167,-25.4333,57.61,64,93,2.89
457,Iwanai,JP,2022-04-20 23:03:39,42.9744,140.5089,56.66,44,8,7.76
458,Camacha,PT,2022-04-20 23:03:39,33.0833,-16.3333,58.42,77,40,11.5
459,Hammerfest,NO,2022-04-20 23:03:40,70.6634,23.6821,37.85,93,0,0.0
460,Tarancon,ES,2022-04-20 23:03:40,40.0085,-3.0073,37.94,78,67,8.01
461,Quime,BO,2022-04-20 23:03:40,-16.9833,-67.2167,50.54,84,96,1.59
462,Miri,MY,2022-04-20 23:03:41,4.4148,114.0089,77.02,93,100,4.88
463,Mitu,CO,2022-04-20 23:03:41,1.1983,-70.1733,73.49,91,100,1.39
464,Cardoso,BR,2022-04-20 23:03:42,-20.0819,-49.9142,79.03,45,66,6.42
465,Tchollire,CM,2022-04-20 23:03:42,8.4022,14.1698,81.43,49,100,3.69
466,Carutapera,BR,2022-04-20 23:03:42,-1.195,-46.02,78.12,87,100,5.41
467,Yarada,IN,2022-04-20 23:03:43,17.65,83.2667,81.45,86,7,13.89
468,Vao,NC,2022-04-20 23:03:43,-22.6667,167.4833,74.95,70,2,8.81
469,Chara,RU,2022-04-20 23:03:44,56.9064,118.2631,17.15,61,52,1.92
470,Miyoshi,JP,2022-04-20 23:03:44,35.0833,137.0667,61.86,75,100,2.26
471,Parabel,RU,2022-04-20 23:03:44,58.6978,81.4825,35.44,97,100,5.08
472,Knysna,ZA,2022-04-20 23:03:45,-34.0363,23.0471,71.08,42,95,6.17
473,Anadyr,RU,2022-04-20 23:03:45,64.75,177.4833,32.5,74,75,15.66
474,Wellington,NZ,2022-04-20 23:01:29,-41.2866,174.7756,67.66,86,75,28.77
475,Snezhnogorsk,RU,2022-04-20 23:03:46,69.1933,33.2531,35.38,97,100,7.87
476,Hobyo,SO,2022-04-20 23:03:46,5.3505,48.5268,82.0,67,98,12.28
477,Pokhara,NP,2022-04-20 23:03:02,28.2333,83.9833,66.38,67,3,4.47
478,Mayo,US,2022-04-20 23:03:47,38.8876,-76.5119,61.36,48,0,8.05
479,Gazanjyk,TM,2022-04-20 23:03:47,39.2446,55.5154,66.85,49,13,9.33
480,Dongsheng,CN,2022-04-20 23:03:48,39.8161,109.9776,42.91,62,75,19.13
481,Poum,NC,2022-04-20 23:03:48,-20.2333,164.0167,77.95,75,15,9.84
482,Aripuana,BR,2022-04-20 23:03:48,-9.1667,-60.6333,74.5,97,96,0.58
483,Wanning,CN,2022-04-20 23:03:49,18.8003,110.3967,73.06,89,85,5.37
484,Madridejos,ES,2022-04-20 23:03:49,39.4682,-3.532,41.25,75,10,13.85
485,Mbini,GQ,2022-04-20 23:03:50,1.574,9.6134,78.46,80,96,5.32
486,Palmer,US,2022-04-20 23:03:50,42.1584,-72.3287,52.25,33,20,6.91
487,Dzilam Gonzalez,MX,2022-04-20 23:03:50,21.2833,-88.9333,84.96,56,0,13.13
488,Guatire,VE,2022-04-20 23:03:51,10.4762,-66.5427,73.92,93,84,3.42
489,Saint-Georges,GD,2022-04-20 23:03:51,12.0564,-61.7485,78.04,75,75,16.42
490,Wattegama,LK,2022-04-20 23:03:52,6.7989,81.4808,74.61,93,34,1.19
491,Ouadda,CF,2022-04-20 23:03:52,8.0777,22.4007,70.2,96,100,3.31
492,Los Llanos De Aridane,ES,2022-04-20 23:03:53,28.6585,-17.9182,60.55,78,100,16.11
493,Tela,HN,2022-04-20 23:03:53,15.7833,-87.45,80.98,70,0,8.21
494,Antofagasta,CL,2022-04-20 23:02:29,-23.65,-70.4,62.46,83,68,5.97
495,Acajutla,SV,2022-04-20 23:00:42,13.5928,-89.8275,84.54,62,1,7.09
496,Antalaha,MG,2022-04-20 23:03:54,-14.9003,50.2788,75.22,96,100,9.93
497,Honningsvag,NO,2022-04-20 23:03:54,70.9821,25.9704,38.95,81,40,2.3
498,Riviere-Au-Renard,CA,2022-04-20 23:03:55,48.9957,-64.3971,38.5,78,77,17.47
499,Cuiluan,CN,2022-04-20 23:03:55,47.72,128.648,52.95,57,100,3.85
500,Langsa,ID,2022-04-20 23:03:56,4.4683,97.9683,74.07,95,100,2.1
501,Necochea,AR,2022-04-20 23:04:56,-38.5473,-58.7368,58.1,94,97,5.5
502,Yantal,RU,2022-04-20 23:04:56,56.8471,105.2542,24.96,92,100,5.1
503,Oum Hadjer,TD,2022-04-20 23:04:57,13.2954,19.6966,90.73,21,100,2.48
504,De-Kastri,RU,2022-04-20 23:04:57,51.4667,140.7833,36.1,94,100,1.5
505,Bose,IT,2022-04-20 23:04:58,45.4612,8.0137,53.29,75,100,2.04
506,Svobodnyy,RU,2022-04-20 23:04:58,51.4,128.1333,38.62,57,87,13.27
507,Pithoragarh,IN,2022-04-20 23:04:59,29.5833,80.2167,61.74,29,99,3.56
508,Bagdarin,RU,2022-04-20 23:04:59,54.4333,113.6,25.12,51,98,3.74
509,Luau,AO,2022-04-20 23:04:59,-10.7073,22.2247,63.99,94,98,3.91
510,Pochutla,MX,2022-04-20 23:05:00,15.7432,-96.4661,89.82,38,1,6.87
511,Santa Maria,BR,2022-04-20 23:05:00,-29.6842,-53.8069,64.26,84,59,4.65
512,Devarkonda,IN,2022-04-20 23:05:01,16.7,78.9333,83.53,53,26,3.98
513,Broome,US,2022-04-20 23:05:01,42.2506,-75.833,49.68,49,0,5.75
514,Kuopio,FI,2022-04-20 23:01:39,62.8924,27.677,39.15,81,0,1.14
515,Iqaluit,CA,2022-04-20 23:00:28,63.7506,-68.5145,18.7,85,100,10.0
516,Kungurtug,RU,2022-04-20 23:05:02,50.5994,97.5228,25.7,74,93,2.08
517,Perevolotskiy,RU,2022-04-20 23:05:03,51.8763,54.1938,57.94,60,99,3.02
518,Dunedin,NZ,2022-04-20 23:03:32,-45.8742,170.5036,60.06,94,92,1.86
519,Pasni,PK,2022-04-20 23:05:03,25.2631,63.471,78.48,71,0,8.37
520,Huadian,CN,2022-04-20 23:05:04,42.9633,126.7478,60.42,41,20,14.07
521,Honavar,IN,2022-04-20 23:05:04,14.2833,74.45,79.65,87,8,1.83
522,Homer,US,2022-04-20 23:05:05,59.6425,-151.5483,46.29,46,0,9.22
523,Diffa,NE,2022-04-20 23:05:05,13.3154,12.6113,83.88,18,89,4.16
524,Port-Gentil,GA,2022-04-20 23:05:05,-0.7193,8.7815,80.56,94,40,4.61
525,Orange,US,2022-04-20 23:05:06,33.7,-117.7675,75.47,52,20,10.36
526,Pemangkat,ID,2022-04-20 23:05:06,1.1667,108.9667,77.41,88,64,3.98
527,Miquelon,PM,2022-04-20 23:05:07,47.0975,-56.3814,37.4,94,100,17.38
528,San Luis,AR,2022-04-20 23:02:41,-33.295,-66.3356,59.13,68,64,16.62
529,Luderitz,NA,2022-04-20 23:05:08,-26.6481,15.1594,68.99,45,2,5.39
530,Chardara,KZ,2022-04-20 23:05:08,41.2547,67.9692,61.39,75,84,4.32
531,Barinas,VE,2022-04-20 23:05:08,8.6226,-70.2075,84.25,57,90,1.48
532,Emborion,GR,2022-04-20 23:05:09,40.4833,21.55,43.16,88,30,3.09
533,Puerto Carreno,CO,2022-04-20 23:05:09,6.189,-67.4859,82.56,71,100,3.36
534,Severnyy,RU,2022-04-20 23:05:10,50.677,36.5532,41.04,81,0,6.71
535,Muravlenko,RU,2022-04-20 23:05:10,63.7898,74.523,-0.63,95,19,12.93
536,Zaltan,LY,2022-04-20 23:05:10,32.947,11.8665,80.83,18,100,20.22
537,Ruteng,ID,2022-04-20 23:05:11,-8.6136,120.4721,64.11,87,84,1.88
538,Costa Rica,BR,2022-04-20 23:05:12,-23.4167,-54.65,72.16,78,31,6.46
539,Akureyri,IS,2022-04-20 23:05:12,65.6835,-18.0878,42.35,88,97,7.9
540,Pauini,BR,2022-04-20 23:05:12,-7.7136,-66.9764,73.54,93,89,2.28
541,Brigantine,US,2022-04-20 23:05:13,39.4101,-74.3646,58.05,46,0,9.22
