,City,Lat,Lng,Max Temp,Humidity,Cloudiness,Wind Speed,Country,Date,Current Description
0,Puerto Ayora,-0.7393,-90.3518,80.56,78,89,8.7,EC,2022-04-30 19:33:06,overcast clouds
1,Humaita,-7.5061,-63.0208,80.29,80,97,2.98,BR,2022-04-30 19:33:06,moderate rain
2,Carnarvon,-24.8667,113.6333,64.47,55,0,8.05,AU,2022-04-30 19:33:07,clear sky
3,Busselton,-33.65,115.3333,55.24,86,0,5.44,AU,2022-04-30 19:28:48,clear sky
4,Khatanga,71.9667,102.5,3.4,99,92,7.54,RU,2022-04-30 19:33:08,overcast clouds
5,Yellowknife,62.456,-114.3525,34.32,47,0,5.75,CA,2022-04-30 19:30:30,clear sky
6,Hobart,-42.8794,147.3294,57.25,78,100,10.36,AU,2022-04-30 19:33:08,overcast clouds
7,Faanui,-16.4833,-151.75,81.3,72,9,15.73,PF,2022-04-30 19:33:09,light rain
8,Jamestown,42.097,-79.2353,66.52,25,0,8.05,US,2022-04-30 19:31:08,clear sky
9,Pokaran,26.9167,71.9167,89.1,33,1,10.4,IN,2022-04-30 19:33:10,clear sky
10,Cheney,47.4874,-117.5758,45.99,91,100,12.66,US,2022-04-30 19:33:10,overcast clouds
11,Araceli,10.5529,119.9913,82.0,77,100,5.75,PH,2022-04-30 19:33:11,overcast clouds
12,Cape Town,-33.9258,18.4232,60.28,79,0,4.61,ZA,2022-04-30 19:33:11,clear sky
13,Rikitea,-23.1203,-134.9692,75.87,75,53,12.26,PF,2022-04-30 19:28:53,light rain
14,Port Elizabeth,-33.918,25.5701,61.32,78,0,16.11,ZA,2022-04-30 19:28:53,clear sky
15,Alofi,-19.0595,-169.9187,75.09,94,94,5.75,NU,2022-04-30 19:33:12,overcast clouds
16,Bandarbeyla,9.4942,50.8122,84.09,74,79,5.7,SO,2022-04-30 19:33:13,broken clouds
17,Nantucket,41.2835,-70.0995,55.54,50,0,12.66,US,2022-04-30 19:29:04,clear sky
18,Mersin,36.862,34.6509,65.1,80,100,5.35,TR,2022-04-30 19:33:13,overcast clouds
19,Atuona,-9.8,-139.0333,78.89,76,7,13.38,PF,2022-04-30 19:30:32,clear sky
20,Caravelas,-17.7125,-39.2481,76.86,74,2,4.72,BR,2022-04-30 19:33:14,clear sky
21,Butaritari,3.0707,172.7902,80.82,82,74,13.73,KI,2022-04-30 19:33:15,broken clouds
22,Narsaq,60.9167,-46.05,55.62,58,16,3.56,GL,2022-04-30 19:29:43,few clouds
23,Tasiilaq,65.6145,-37.6368,41.16,63,10,0.56,GL,2022-04-30 19:33:15,clear sky
24,Fortuna,40.5982,-124.1573,55.92,83,100,4.61,US,2022-04-30 19:30:20,overcast clouds
25,Punta Arenas,-53.15,-70.9167,44.71,76,40,9.22,CL,2022-04-30 19:30:25,scattered clouds
26,Thinadhoo,0.5333,72.9333,85.91,68,73,15.46,MV,2022-04-30 19:33:16,broken clouds
27,Camapua,-19.5314,-54.0439,86.52,39,25,4.16,BR,2022-04-30 19:33:17,scattered clouds
28,Ushuaia,-54.8,-68.3,40.66,87,0,3.44,AR,2022-04-30 19:33:17,clear sky
29,Mataura,-46.1927,168.8643,64.47,86,100,3.8,NZ,2022-04-30 19:33:18,overcast clouds
30,Half Moon Bay,37.4636,-122.4286,74.88,72,100,19.57,US,2022-04-30 19:33:19,overcast clouds
31,Dakar,14.6937,-17.4441,74.28,83,0,9.22,SN,2022-04-30 19:33:19,clear sky
32,Nosy Varika,-20.5833,48.5333,70.83,80,38,4.99,MG,2022-04-30 19:33:20,scattered clouds
33,Codrington,-38.2667,141.9667,57.61,83,100,13.51,AU,2022-04-30 19:33:20,overcast clouds
34,Hermanus,-34.4187,19.2345,58.93,86,79,3.0,ZA,2022-04-30 19:33:21,broken clouds
35,Marsh Harbour,26.5412,-77.0636,72.19,83,100,19.93,BS,2022-04-30 19:33:22,overcast clouds
36,Esperance,-33.8667,121.9,55.24,72,0,6.78,AU,2022-04-30 19:28:55,clear sky
37,Lai,9.3952,16.2989,93.15,32,64,2.35,TD,2022-04-30 19:33:22,broken clouds
38,Beringovskiy,63.05,179.3167,24.85,92,100,17.81,RU,2022-04-30 19:33:23,light snow
39,Albany,42.6001,-73.9662,64.02,27,89,1.99,US,2022-04-30 19:33:24,overcast clouds
40,New Norfolk,-42.7826,147.0587,56.91,79,100,3.0,AU,2022-04-30 19:33:24,overcast clouds
41,Kalabo,-14.97,22.6814,63.9,50,0,5.06,ZM,2022-04-30 19:33:25,clear sky
42,Barrow,71.2906,-156.7887,17.62,79,20,13.8,US,2022-04-30 19:31:56,haze
43,Saint-Augustin,51.226,-58.6502,38.88,88,100,15.93,CA,2022-04-30 19:33:26,overcast clouds
44,Funtua,11.5233,7.3081,82.15,51,87,16.44,NG,2022-04-30 19:33:26,overcast clouds
45,Lebu,-37.6167,-73.65,53.96,65,2,15.28,CL,2022-04-30 19:31:22,clear sky
46,Yanam,16.7333,82.2167,78.91,92,32,3.02,IN,2022-04-30 19:33:27,light rain
47,Talnakh,69.4865,88.3972,18.21,98,100,7.76,RU,2022-04-30 19:30:50,overcast clouds
48,Nabire,-3.3667,135.4833,74.77,92,64,4.07,ID,2022-04-30 19:33:28,broken clouds
49,Saint George,37.1041,-113.5841,80.8,13,0,8.05,US,2022-04-30 19:32:53,clear sky
50,Rio Grande,-32.035,-52.0986,66.31,66,4,9.1,BR,2022-04-30 19:33:29,clear sky
51,Gondar,12.6,37.4667,72.88,19,60,2.46,ET,2022-04-30 19:28:43,broken clouds
52,Bredasdorp,-34.5322,20.0403,56.03,86,11,5.48,ZA,2022-04-30 19:33:29,few clouds
53,Syamzha,60.0158,41.0614,25.21,89,59,4.74,RU,2022-04-30 19:33:30,broken clouds
54,Bethel,41.3712,-73.414,65.01,34,0,5.75,US,2022-04-30 19:33:30,clear sky
55,Lavrentiya,65.5833,-171.0,25.86,87,100,15.26,RU,2022-04-30 19:33:31,overcast clouds
56,Katsuura,35.1333,140.3,56.97,73,100,9.55,JP,2022-04-30 19:33:31,overcast clouds
57,Zhigansk,66.7697,123.3711,30.81,97,100,31.97,RU,2022-04-30 19:33:32,snow
58,Sturgeon Falls,46.3646,-79.9326,60.76,39,89,3.62,CA,2022-04-30 19:33:32,overcast clouds
59,Vila Franca Do Campo,37.7167,-25.4333,64.81,74,14,4.7,PT,2022-04-30 19:28:52,few clouds
60,Tuktoyaktuk,69.4541,-133.0374,30.2,80,20,9.22,CA,2022-04-30 19:30:34,few clouds
61,Catuday,16.2923,119.8062,80.87,74,98,4.18,PH,2022-04-30 19:33:33,overcast clouds
62,Airai,-8.9266,125.4092,59.67,84,87,3.02,TL,2022-04-30 19:33:34,overcast clouds
63,Komsomolskiy,40.4272,71.7189,70.52,56,49,4.61,UZ,2022-04-30 19:33:34,scattered clouds
64,Nanortalik,60.1432,-45.2371,38.01,84,98,1.14,GL,2022-04-30 19:33:35,overcast clouds
65,Tuatapere,-46.1333,167.6833,58.39,75,100,12.1,NZ,2022-04-30 19:33:35,overcast clouds
66,Bluff,-46.6,168.3333,64.8,66,100,14.05,NZ,2022-04-30 19:33:36,overcast clouds
67,Hilo,19.7297,-155.09,77.29,92,100,5.75,US,2022-04-30 19:33:36,light rain
68,Ixtapa,20.7,-105.2,78.03,61,0,11.5,MX,2022-04-30 19:33:37,clear sky
69,Nioro,13.35,-15.75,86.65,33,76,12.37,GM,2022-04-30 19:31:42,broken clouds
70,Minas,-34.3759,-55.2377,56.97,67,100,3.67,UY,2022-04-30 19:33:37,overcast clouds
71,Kutum,14.2,24.6667,81.36,12,61,7.96,SD,2022-04-30 19:33:38,broken clouds
72,Hithadhoo,-0.6,73.0833,85.32,68,100,14.65,MV,2022-04-30 19:33:39,overcast clouds
73,Columbus,39.9612,-82.9988,68.41,71,100,11.5,US,2022-04-30 19:28:47,overcast clouds
74,Merauke,-8.4667,140.3333,79.56,86,100,11.72,ID,2022-04-30 19:33:39,moderate rain
75,Luderitz,-26.6481,15.1594,58.8,66,0,17.2,NA,2022-04-30 19:33:40,clear sky
76,Olafsvik,64.8945,-23.7142,44.74,86,97,16.26,IS,2022-04-30 19:33:40,overcast clouds
77,Torbay,47.6666,-52.7314,44.76,96,100,3.44,CA,2022-04-30 19:29:30,light rain
78,Gat,31.61,34.7642,68.4,100,0,9.51,IL,2022-04-30 19:31:03,clear sky
79,Arraial Do Cabo,-22.9661,-42.0278,76.86,78,75,5.75,BR,2022-04-30 19:33:41,broken clouds
80,Avarua,-21.2078,-159.775,82.45,78,40,9.22,CK,2022-04-30 19:33:42,scattered clouds
81,San Quintin,30.4833,-115.95,67.35,62,62,13.87,MX,2022-04-30 19:33:42,broken clouds
82,Provideniya,64.3833,-173.3,30.13,90,100,18.03,RU,2022-04-30 19:29:32,light snow
83,Bonthe,7.5264,-12.505,81.34,77,49,10.13,SL,2022-04-30 19:33:43,scattered clouds
84,Isangel,-19.55,169.2667,78.58,90,100,9.82,VU,2022-04-30 19:33:44,overcast clouds
85,Chuy,-33.6971,-53.4616,58.48,65,100,4.79,UY,2022-04-30 19:33:44,overcast clouds
86,Briancon,44.9,6.65,46.29,89,20,5.23,FR,2022-04-30 19:33:45,few clouds
87,Georgetown,5.4112,100.3354,82.35,89,20,3.44,MY,2022-04-30 19:33:45,few clouds
88,Amalapuram,16.5833,82.0167,79.07,91,11,1.9,IN,2022-04-30 19:33:46,few clouds
89,Longyearbyen,78.2186,15.6401,12.04,57,0,4.61,SJ,2022-04-30 19:33:46,clear sky
90,Evensk,61.95,159.2333,29.68,67,13,8.79,RU,2022-04-30 19:29:48,few clouds
91,Mar Del Plata,-38.0023,-57.5575,57.22,57,0,11.5,AR,2022-04-30 19:33:47,clear sky
92,Qaanaaq,77.484,-69.3632,16.54,76,89,4.25,GL,2022-04-30 19:33:47,overcast clouds
93,Marathon,44.9,-89.7668,45.19,86,100,19.57,US,2022-04-30 19:33:48,overcast clouds
94,Henties Bay,-22.116,14.2845,59.36,81,0,6.67,NA,2022-04-30 19:33:48,clear sky
95,Port Alfred,-33.5906,26.891,60.19,80,1,4.0,ZA,2022-04-30 19:33:49,clear sky
96,Dingle,10.9995,122.6711,76.75,86,100,5.93,PH,2022-04-30 19:33:49,heavy intensity rain
97,Nyurba,63.2842,118.3319,34.93,99,100,6.8,RU,2022-04-30 19:33:50,overcast clouds
98,East London,-33.0153,27.9116,64.17,69,0,14.56,ZA,2022-04-30 19:29:45,clear sky
99,San Roque,36.2107,-5.3842,63.43,77,3,6.91,ES,2022-04-30 19:33:51,clear sky
100,Calama,-22.4667,-68.9333,73.89,9,0,21.85,CL,2022-04-30 19:32:00,clear sky
101,Pokhara,28.2333,83.9833,72.39,48,99,3.56,NP,2022-04-30 19:33:51,overcast clouds
102,Rodez,44.5,2.5833,58.68,58,0,12.66,FR,2022-04-30 19:33:52,clear sky
103,Mandasta,13.7328,-86.902,85.28,37,75,4.32,HN,2022-04-30 19:33:53,broken clouds
104,Lethem,3.3803,-59.7968,88.11,51,91,8.86,GY,2022-04-30 19:33:53,overcast clouds
105,Saint-Philippe,-21.3585,55.7679,78.39,79,10,11.81,RE,2022-04-30 19:29:53,clear sky
106,Namibe,-15.1961,12.1522,74.95,81,38,7.36,AO,2022-04-30 19:33:54,scattered clouds
107,Sinegorye,62.0788,150.477,19.8,91,33,3.56,RU,2022-04-30 19:33:54,scattered clouds
108,Ellensburg,46.9965,-120.5479,52.57,71,100,3.44,US,2022-04-30 19:33:55,overcast clouds
109,Rafsanjan,30.4067,55.9939,65.75,52,7,6.8,IR,2022-04-30 19:33:55,clear sky
110,Vaini,-21.2,-175.2,77.16,94,100,9.22,TO,2022-04-30 19:29:08,light intensity drizzle
111,Walvis Bay,-22.9575,14.5053,58.15,82,0,2.3,NA,2022-04-30 19:33:56,clear sky
112,Koslan,63.4564,48.8989,24.04,92,63,3.76,RU,2022-04-30 19:33:57,broken clouds
113,Lubao,14.9167,120.55,83.91,84,100,2.66,PH,2022-04-30 19:33:57,overcast clouds
114,Nikolskoye,59.7035,30.7861,40.91,68,100,6.8,RU,2022-04-30 19:33:58,overcast clouds
115,Rawson,-43.3002,-65.1023,58.32,46,60,21.72,AR,2022-04-30 19:30:58,broken clouds
116,Tambacounda,13.7539,-13.7586,105.85,13,0,0.0,SN,2022-04-30 19:33:58,clear sky
117,Geraldton,-28.7667,114.6,54.01,76,0,10.36,AU,2022-04-30 19:32:15,clear sky
118,Akureyri,65.6835,-18.0878,53.53,47,0,14.97,IS,2022-04-30 19:33:59,clear sky
119,Coquimbo,-29.9533,-71.3436,58.73,77,20,12.66,CL,2022-04-30 19:29:44,few clouds
120,Dharchula,29.85,80.5333,66.31,45,41,7.43,IN,2022-04-30 19:34:00,scattered clouds
121,Ayacucho,-13.1583,-74.2239,71.46,35,75,5.75,PE,2022-04-30 19:34:00,broken clouds
122,Vardo,70.3705,31.1107,28.09,65,90,16.82,NO,2022-04-30 19:34:01,light snow
123,Nome,64.5011,-165.4064,46.47,50,20,9.22,US,2022-04-30 19:31:54,few clouds
124,Itaqui,-29.1253,-56.5531,61.05,83,98,10.83,BR,2022-04-30 19:34:01,light rain
125,Maragogi,-9.0122,-35.2225,78.12,78,99,8.03,BR,2022-04-30 19:34:02,overcast clouds
126,Severo-Kurilsk,50.6789,156.125,34.41,82,100,7.09,RU,2022-04-30 19:33:09,overcast clouds
127,Bengkulu,-3.8004,102.2655,76.19,88,86,5.19,ID,2022-04-30 19:34:03,moderate rain
128,Dikson,73.5069,80.5464,16.43,94,100,18.54,RU,2022-04-30 19:34:03,light snow
129,Salaga,8.5508,-0.5188,86.95,46,63,6.26,GH,2022-04-30 19:34:04,broken clouds
130,Poum,-20.2333,164.0167,75.97,78,2,6.64,NC,2022-04-30 19:32:06,clear sky
131,Mahajanga,-15.7167,46.3167,78.89,78,0,8.21,MG,2022-04-30 19:34:05,light rain
132,Norman Wells,65.282,-126.8329,44.64,53,0,11.5,CA,2022-04-30 19:34:05,clear sky
133,Te Anau,-45.4167,167.7167,55.18,86,100,8.95,NZ,2022-04-30 19:34:06,overcast clouds
134,Miracema Do Tocantins,-9.5618,-48.3967,81.7,67,100,3.0,BR,2022-04-30 19:34:06,overcast clouds
135,Tiksi,71.6872,128.8694,34.25,89,100,17.16,RU,2022-04-30 19:34:07,overcast clouds
136,Vung Tau,10.346,107.0843,81.03,82,100,8.16,VN,2022-04-30 19:29:53,overcast clouds
137,Abeche,13.8292,20.8324,87.87,21,94,3.38,TD,2022-04-30 19:34:08,overcast clouds
138,Cidreira,-30.1811,-50.2056,65.95,70,100,9.84,BR,2022-04-30 19:34:08,overcast clouds
139,Necochea,-38.5473,-58.7368,57.31,43,8,7.74,AR,2022-04-30 19:34:09,clear sky
140,Vestmannaeyjar,63.4427,-20.2734,46.51,85,25,18.23,IS,2022-04-30 19:34:09,scattered clouds
141,Oktyabrskoye,43.0645,44.7417,57.34,88,17,11.18,RU,2022-04-30 19:34:10,few clouds
142,Guerrero Negro,27.9769,-114.0611,68.47,57,80,15.28,MX,2022-04-30 19:34:10,broken clouds
143,Broome,42.2506,-75.833,62.69,27,0,14.97,US,2022-04-30 19:34:11,clear sky
144,Catamarca,-28.4696,-65.7852,71.78,45,2,4.0,AR,2022-04-30 19:32:13,clear sky
145,Aykhal,66.0,111.5,12.74,93,100,25.48,RU,2022-04-30 19:34:11,light snow
146,Senneterre,48.3835,-77.2328,52.45,40,21,7.83,CA,2022-04-30 19:34:12,few clouds
147,Pitimbu,-7.4706,-34.8086,82.99,75,95,13.89,BR,2022-04-30 19:34:13,overcast clouds
148,Constitucion,-35.3333,-72.4167,60.21,52,2,15.05,CL,2022-04-30 19:34:13,clear sky
149,Ilulissat,69.2167,-51.1,24.82,50,0,16.11,GL,2022-04-30 19:34:14,clear sky
150,Suntar,62.1444,117.6319,35.56,99,100,4.74,RU,2022-04-30 19:34:14,overcast clouds
151,Fuling,29.7022,107.3919,58.26,95,100,3.8,CN,2022-04-30 19:34:15,overcast clouds
152,Makakilo City,21.3469,-158.0858,76.01,68,75,13.8,US,2022-04-30 19:34:16,light rain
153,College,64.8569,-147.8028,54.09,40,75,6.91,US,2022-04-30 19:34:16,broken clouds
154,Corralillo,22.9819,-80.5856,81.55,52,0,19.39,CU,2022-04-30 19:34:17,clear sky
155,Thompson,55.7435,-97.8558,41.16,60,100,11.5,CA,2022-04-30 19:34:17,overcast clouds
156,Batemans Bay,-35.7167,150.1833,57.09,73,41,3.69,AU,2022-04-30 19:30:10,scattered clouds
157,Srednekolymsk,67.45,153.6833,15.71,88,83,2.1,RU,2022-04-30 19:34:18,broken clouds
158,Laguna,38.421,-121.4238,80.89,38,0,5.75,US,2022-04-30 19:31:13,clear sky
159,Kabwe,-14.4469,28.4464,59.23,70,0,5.12,ZM,2022-04-30 19:34:18,clear sky
160,Asyut,27.181,31.1837,84.38,17,0,12.66,EG,2022-04-30 19:34:19,clear sky
161,Saint-Leu,-21.15,55.2833,77.86,81,33,6.11,RE,2022-04-30 19:34:20,scattered clouds
162,Kapaa,22.0752,-159.319,77.47,78,40,17.27,US,2022-04-30 19:34:20,scattered clouds
163,Westport,41.1415,-73.3579,66.27,29,0,14.97,US,2022-04-30 19:31:06,clear sky
164,Turku,60.4515,22.2687,39.72,75,0,5.75,FI,2022-04-30 19:34:21,clear sky
165,Bay Roberts,47.5999,-53.2648,45.52,92,100,5.99,CA,2022-04-30 19:34:21,light rain
166,Koson,39.0375,65.585,77.32,36,100,8.68,UZ,2022-04-30 19:34:22,overcast clouds
167,Sitka,57.0531,-135.33,49.89,66,20,5.75,US,2022-04-30 19:34:23,few clouds
168,Salinopolis,-0.6136,-47.3561,79.56,85,50,8.19,BR,2022-04-30 19:31:22,scattered clouds
169,Edirne,41.6772,26.556,50.79,85,14,5.82,TR,2022-04-30 19:34:24,few clouds
170,Sapa,5.1544,120.3241,81.0,80,99,3.58,PH,2022-04-30 19:34:24,overcast clouds
171,San Cristobal,7.7669,-72.225,84.38,77,100,7.02,VE,2022-04-30 19:29:48,overcast clouds
172,Asau,46.4333,26.4,45.95,88,68,2.86,RO,2022-04-30 19:34:25,broken clouds
173,Grindavik,63.8424,-22.4338,45.07,81,75,16.11,IS,2022-04-30 19:34:25,broken clouds
174,Kaeo,-35.1,173.7833,54.32,96,76,5.95,NZ,2022-04-30 19:30:38,broken clouds
175,Komatipoort,-25.4332,31.9548,71.06,77,0,8.25,ZA,2022-04-30 19:34:26,clear sky
176,Fort Nelson,58.8053,-122.7002,44.19,49,40,5.75,CA,2022-04-30 19:34:27,scattered clouds
177,Clyde River,70.4692,-68.5914,16.03,86,100,8.05,CA,2022-04-30 19:32:17,light snow
178,Novaya Zaimka,56.4857,66.9241,39.18,50,100,6.69,RU,2022-04-30 19:34:27,overcast clouds
179,Athens,37.9795,23.7162,66.18,54,20,8.01,GR,2022-04-30 19:32:04,few clouds
180,Dalaba,10.7,-12.25,65.01,91,100,5.61,GN,2022-04-30 19:34:28,moderate rain
181,Puro,12.4841,123.3827,79.43,85,100,7.54,PH,2022-04-30 19:34:29,overcast clouds
182,Rusera,25.75,86.0333,78.39,57,46,16.04,IN,2022-04-30 19:34:29,scattered clouds
183,Kichmengskiy Gorodok,59.9816,45.7854,25.38,86,12,4.7,RU,2022-04-30 19:34:30,few clouds
184,Kruisfontein,-34.0033,24.7314,55.89,86,7,6.93,ZA,2022-04-30 19:30:43,clear sky
185,Pacific Grove,36.6177,-121.9166,73.24,82,40,5.99,US,2022-04-30 19:33:36,scattered clouds
186,Kavieng,-2.5744,150.7967,81.41,75,100,3.18,PG,2022-04-30 19:34:30,light rain
187,Kahului,20.8947,-156.47,78.82,72,40,16.11,US,2022-04-30 19:33:11,scattered clouds
188,Leczyca,52.0596,19.1997,56.19,56,100,5.19,PL,2022-04-30 19:34:31,overcast clouds
189,Egvekinot,66.3167,-179.1667,15.26,80,100,11.01,RU,2022-04-30 19:34:31,overcast clouds
190,Glazov,58.1394,52.6584,34.99,95,86,6.67,RU,2022-04-30 19:34:32,overcast clouds
191,Saint-Francois,46.4154,3.9054,51.67,66,0,9.22,FR,2022-04-30 19:30:55,clear sky
192,Cannes,43.55,7.0167,60.8,78,100,3.44,FR,2022-04-30 19:34:33,overcast clouds
193,Kaitangata,-46.2817,169.8464,50.32,84,100,5.82,NZ,2022-04-30 19:34:33,overcast clouds
194,Buin,-33.7333,-70.75,73.72,29,0,2.75,CL,2022-04-30 19:34:34,clear sky
195,Monroe,43.1501,-77.6831,60.44,30,40,9.22,US,2022-04-30 19:31:48,scattered clouds
196,Boysun,38.2061,67.1986,69.57,41,71,6.17,UZ,2022-04-30 19:34:34,broken clouds
197,Perth,-31.9333,115.8333,57.09,84,0,5.75,AU,2022-04-30 19:31:16,clear sky
198,Saint Anthony,45.0205,-93.218,52.05,92,100,16.11,US,2022-04-30 19:34:35,mist
199,Barabai,-2.5833,115.3833,74.32,96,100,1.86,ID,2022-04-30 19:34:36,overcast clouds
200,Okhotsk,59.3833,143.3,31.93,90,50,6.78,RU,2022-04-30 19:34:36,scattered clouds
201,Qaqortoq,60.7167,-46.0333,41.13,74,40,2.37,GL,2022-04-30 19:30:39,scattered clouds
202,Sumbe,-11.2061,13.8437,76.98,91,100,3.98,AO,2022-04-30 19:34:37,overcast clouds
203,Manaure,11.7751,-72.4445,86.11,66,100,12.1,CO,2022-04-30 19:34:37,overcast clouds
204,Kjollefjord,70.9457,27.3465,28.45,86,75,9.22,NO,2022-04-30 19:34:38,light snow
205,Lakatoro,-16.0999,167.4164,76.3,88,100,4.25,VU,2022-04-30 19:34:38,overcast clouds
206,Cherskiy,68.75,161.3,9.81,93,80,4.63,RU,2022-04-30 19:34:39,broken clouds
207,Haines Junction,60.7522,-137.5108,46.35,46,92,4.61,CA,2022-04-30 19:34:39,overcast clouds
208,Vaitape,-16.5167,-151.75,81.3,72,8,15.75,PF,2022-04-30 19:34:40,light rain
209,Tromso,69.6496,18.957,30.22,86,75,4.61,NO,2022-04-30 19:34:40,broken clouds
210,Progreso,21.2833,-89.6667,95.11,83,44,18.72,MX,2022-04-30 19:34:41,scattered clouds
211,Norsup,-16.0667,167.3833,76.15,89,100,4.23,VU,2022-04-30 19:34:41,overcast clouds
212,Kungurtug,50.5994,97.5228,40.33,62,100,2.1,RU,2022-04-30 19:34:42,overcast clouds
213,Kurilsk,45.2333,147.8833,32.5,88,54,8.97,RU,2022-04-30 19:34:42,broken clouds
214,Bambous Virieux,-20.3428,57.7575,77.25,83,40,6.91,MU,2022-04-30 19:34:43,scattered clouds
215,Castro,-24.7911,-50.0119,67.35,86,43,1.05,BR,2022-04-30 19:34:43,scattered clouds
216,Formosa,-26.1775,-58.1781,76.98,73,75,5.75,AR,2022-04-30 19:34:44,broken clouds
217,Yumen,40.2833,97.2,45.3,30,0,3.53,CN,2022-04-30 19:34:45,clear sky
218,Asmara,15.3333,38.9333,60.28,67,11,9.26,ER,2022-04-30 19:34:45,few clouds
219,Cap Malheureux,-19.9842,57.6142,74.46,80,5,1.99,MU,2022-04-30 19:33:06,clear sky
220,Gorontalo,0.5412,123.0595,74.52,95,95,2.26,ID,2022-04-30 19:34:46,overcast clouds
221,Faya,18.3851,42.4509,66.31,36,17,11.9,SA,2022-04-30 19:30:16,few clouds
222,Kavaratti,10.5669,72.642,84.94,72,48,10.27,IN,2022-04-30 19:34:47,scattered clouds
223,Vostok,46.4856,135.8833,34.84,79,100,3.78,RU,2022-04-30 19:34:47,light snow
224,Victoria,22.2855,114.1577,78.19,85,100,17.0,HK,2022-04-30 19:30:41,overcast clouds
225,Palaiokomi,40.8667,23.9,62.69,83,98,4.76,GR,2022-04-30 19:34:48,overcast clouds
226,San Patricio,28.017,-97.5169,86.09,62,95,16.4,US,2022-04-30 19:34:48,overcast clouds
227,Upernavik,72.7868,-56.1549,19.26,71,74,3.18,GL,2022-04-30 19:34:49,broken clouds
228,Zhicheng,30.2956,111.5047,57.34,86,100,4.63,CN,2022-04-30 19:34:49,overcast clouds
229,Ponta Do Sol,32.6667,-17.1,70.43,56,0,2.17,PT,2022-04-30 19:34:50,clear sky
230,Mabaruma,8.2,-59.7833,85.03,62,98,8.63,GY,2022-04-30 19:34:50,overcast clouds
231,Mackenzie,55.2999,-123.1698,50.22,40,0,6.91,CA,2022-04-30 19:34:51,clear sky
232,Platanos,37.6667,21.6167,64.08,83,15,3.89,GR,2022-04-30 19:34:51,few clouds
233,Portland,45.5234,-122.6762,57.24,81,75,9.22,US,2022-04-30 19:30:48,broken clouds
234,Drumheller,51.4617,-112.7101,63.73,22,39,11.5,CA,2022-04-30 19:34:52,scattered clouds
235,Saldanha,-33.0117,17.9442,57.25,87,8,12.15,ZA,2022-04-30 19:34:53,clear sky
236,Dabakala,8.3667,-4.4333,82.94,59,84,2.48,CI,2022-04-30 19:34:53,light rain
237,Catalina,32.5056,-110.9211,88.93,10,10,1.99,US,2022-04-30 19:34:54,clear sky
238,Leshukonskoye,64.8989,45.7622,22.51,94,81,3.47,RU,2022-04-30 19:34:54,broken clouds
239,Bodden Town,19.2833,-81.25,84.97,70,40,10.36,KY,2022-04-30 19:34:55,scattered clouds
240,Aksarka,66.5606,67.7975,14.56,92,13,7.7,RU,2022-04-30 19:34:55,few clouds
241,Kodiak,57.79,-152.4072,38.71,93,100,31.07,US,2022-04-30 19:34:56,moderate rain
242,Sampit,-2.5333,112.95,73.44,98,100,0.87,ID,2022-04-30 19:34:56,light rain
243,Mount Gambier,-37.8333,140.7667,55.31,94,100,9.22,AU,2022-04-30 19:31:36,overcast clouds
244,Sur,22.5667,59.5289,88.83,53,90,3.67,OM,2022-04-30 19:34:57,overcast clouds
245,Balkanabat,39.5108,54.3671,68.04,72,100,6.89,TM,2022-04-30 19:34:58,overcast clouds
246,Saryozek,44.3583,77.9753,60.12,28,82,3.6,KZ,2022-04-30 19:34:58,broken clouds
247,Port Macquarie,-31.4333,152.9167,57.88,88,7,8.97,AU,2022-04-30 19:34:59,clear sky
248,Mayor Pablo Lagerenza,-19.9309,-60.7718,91.0,32,0,7.11,PY,2022-04-30 19:34:59,clear sky
249,Sayyan,15.1718,44.3244,65.77,43,100,9.15,YE,2022-04-30 19:35:00,overcast clouds
250,Yulara,-25.2406,130.9889,60.64,63,100,9.22,AU,2022-04-30 19:35:00,overcast clouds
251,Hofn,64.2539,-15.2082,47.44,83,16,9.48,IS,2022-04-30 19:35:01,few clouds
252,Leninskoye,41.7589,69.3864,67.15,53,3,5.53,KZ,2022-04-30 19:35:01,clear sky
253,Kastamonu,41.5,33.6667,48.72,91,100,6.24,TR,2022-04-30 19:35:02,light rain
254,Klaksvik,62.2266,-6.589,45.52,88,25,8.43,FO,2022-04-30 19:30:09,scattered clouds
255,Sioux Lookout,50.1001,-91.917,55.47,26,75,10.36,CA,2022-04-30 19:35:02,broken clouds
256,Tilichiki,60.4667,166.1,26.91,89,45,7.23,RU,2022-04-30 19:35:03,scattered clouds
257,Chokurdakh,70.6333,147.9167,12.56,94,31,7.94,RU,2022-04-30 19:35:04,scattered clouds
258,Cuorgne,45.3895,7.6499,60.66,75,94,4.0,IT,2022-04-30 19:35:04,overcast clouds
259,Vao,-22.6667,167.4833,75.13,83,98,23.38,NC,2022-04-30 19:35:05,overcast clouds
260,Kenai,60.5544,-151.2583,44.02,54,0,17.27,US,2022-04-30 19:35:05,clear sky
261,Puerto Del Rosario,28.5004,-13.8627,67.75,83,20,13.8,ES,2022-04-30 19:35:06,few clouds
262,Kokkola,63.8385,23.1307,36.03,81,0,1.14,FI,2022-04-30 19:35:06,clear sky
263,Porosozero,62.7191,32.727,33.08,87,100,5.19,RU,2022-04-30 19:30:33,snow
264,Wadi Maliz,36.4681,8.5495,60.46,80,85,4.7,TN,2022-04-30 19:35:07,overcast clouds
265,Resplendor,-19.3256,-41.2553,82.13,48,9,3.18,BR,2022-04-30 19:35:08,clear sky
266,Ginda,30.6945,78.4932,61.72,35,10,8.39,IN,2022-04-30 19:35:08,clear sky
267,The Valley,18.217,-63.0578,81.82,89,75,8.05,AI,2022-04-30 19:33:28,broken clouds
268,Upata,8.0086,-62.3989,91.18,34,100,6.49,VE,2022-04-30 19:35:09,overcast clouds
269,Axim,4.8699,-2.2405,80.65,84,100,8.57,GH,2022-04-30 19:35:10,overcast clouds
270,Sindou,10.6667,-5.1667,91.02,33,91,6.96,BF,2022-04-30 19:35:10,overcast clouds
271,Bezhetsk,57.7851,36.6965,30.56,63,33,5.91,RU,2022-04-30 19:35:11,scattered clouds
272,Shilovo,54.3204,40.874,34.41,67,0,6.02,RU,2022-04-30 19:35:11,clear sky
273,Oranjestad,12.524,-70.027,85.95,74,20,24.16,AW,2022-04-30 19:35:12,few clouds
274,Boende,-0.2167,20.8667,73.58,83,12,0.47,CD,2022-04-30 19:35:12,few clouds
275,Kemi,65.8596,24.8228,31.77,80,0,3.44,FI,2022-04-30 19:35:13,clear sky
276,Narathiwat,6.3333,101.75,81.1,94,100,3.74,TH,2022-04-30 19:35:13,overcast clouds
277,Namatanai,-3.6667,152.4333,78.31,83,78,3.04,PG,2022-04-30 19:35:14,light rain
278,Khash,28.2211,61.2158,74.71,37,100,10.42,IR,2022-04-30 19:35:15,overcast clouds
279,Misratah,32.3754,15.0925,65.12,80,100,19.77,LY,2022-04-30 19:35:16,overcast clouds
280,Barcelos,41.5388,-8.6151,63.68,89,1,3.58,PT,2022-04-30 19:35:16,clear sky
281,Lorengau,-2.0226,147.2712,80.58,79,100,3.96,PG,2022-04-30 19:35:17,overcast clouds
282,Mildura,-34.2,142.15,51.76,93,40,0.0,AU,2022-04-30 19:31:58,scattered clouds
283,Miri,4.4148,114.0089,75.34,100,20,4.61,MY,2022-04-30 19:35:17,few clouds
284,Mahebourg,-20.4081,57.7,77.29,83,40,6.91,MU,2022-04-30 19:34:54,scattered clouds
285,Bell Ville,-32.6259,-62.6887,67.66,33,31,7.31,AR,2022-04-30 19:35:18,scattered clouds
286,Shimoda,34.6667,138.95,52.11,67,100,6.17,JP,2022-04-30 19:31:58,overcast clouds
287,Tateyama,34.9833,139.8667,57.96,72,100,8.72,JP,2022-04-30 19:30:33,overcast clouds
288,Chernaya Kholunitsa,58.8511,51.7154,33.49,96,100,8.95,RU,2022-04-30 19:35:19,snow
289,Tashla,51.7716,52.7427,47.43,47,0,3.18,RU,2022-04-30 19:35:19,clear sky
290,Altay,47.8667,88.1167,51.48,31,97,10.45,CN,2022-04-30 19:35:20,overcast clouds
291,Inuvik,68.3499,-133.7218,49.06,40,40,5.75,CA,2022-04-30 19:30:48,scattered clouds
292,Kalmunai,7.4167,81.8167,81.54,81,14,3.83,LK,2022-04-30 19:35:21,few clouds
293,Nema,57.5067,50.5011,35.08,96,100,6.35,RU,2022-04-30 19:35:21,overcast clouds
294,Barmer,25.75,71.3833,86.58,36,0,11.74,IN,2022-04-30 19:35:22,clear sky
295,Sorong,-0.8833,131.25,78.62,87,100,6.38,ID,2022-04-30 19:35:22,moderate rain
296,Palomares,17.15,-95.0667,99.75,30,51,14.76,MX,2022-04-30 19:35:23,broken clouds
297,Hirado,33.3597,129.5531,54.39,73,100,8.66,JP,2022-04-30 19:35:23,overcast clouds
298,Belyy Yar,53.6039,91.3903,46.29,53,0,2.24,RU,2022-04-30 19:35:24,clear sky
299,Majene,-3.5403,118.9707,78.26,87,100,4.03,ID,2022-04-30 19:35:24,overcast clouds
300,Sao Joao Da Barra,-21.6403,-41.0511,77.09,79,12,11.07,BR,2022-04-30 19:35:25,few clouds
301,Batagay-Alyta,67.8006,130.4114,2.28,87,9,4.7,RU,2022-04-30 19:35:25,clear sky
302,Porto Seguro,-16.4497,-39.0647,81.12,74,20,5.75,BR,2022-04-30 19:35:26,few clouds
303,Dawlatabad,36.4141,64.9053,81.12,29,100,5.12,AF,2022-04-30 19:35:26,overcast clouds
304,Petropavlovsk-Kamchatskiy,53.0452,158.6483,28.99,74,40,6.71,RU,2022-04-30 19:35:27,scattered clouds
305,Nouadhibou,20.931,-17.0347,66.18,77,98,20.71,MR,2022-04-30 19:35:27,sand
306,Ostrovnoy,68.0531,39.5131,18.36,83,93,10.4,RU,2022-04-30 19:35:28,overcast clouds
307,Liverpool,53.4106,-2.9779,52.9,80,20,8.05,GB,2022-04-30 19:35:28,light intensity drizzle
308,Ishigaki,24.3448,124.1572,73.53,100,75,8.05,JP,2022-04-30 19:35:29,broken clouds
309,San Borja,-14.8167,-66.85,85.46,56,3,1.23,BO,2022-04-30 19:35:29,clear sky
310,Mana,5.6592,-53.7767,82.42,70,50,8.86,GF,2022-04-30 19:35:30,scattered clouds
311,Khandbari,27.3747,87.2039,67.32,72,100,2.46,NP,2022-04-30 19:35:30,overcast clouds
312,Jamuria,23.7,87.0833,80.8,74,6,12.28,IN,2022-04-30 19:35:31,clear sky
313,Filingue,14.3521,3.3168,91.92,9,69,3.96,NE,2022-04-30 19:35:31,broken clouds
314,Kalianget,-7.05,113.9333,82.35,77,86,11.59,ID,2022-04-30 19:35:32,overcast clouds
315,Teguldet,57.3064,88.1667,44.53,89,100,9.04,RU,2022-04-30 19:35:32,overcast clouds
316,Irtyshskiy,58.3333,68.1333,33.78,65,28,5.28,RU,2022-04-30 19:35:33,scattered clouds
317,Figeac,44.75,1.9167,57.58,71,63,4.45,FR,2022-04-30 19:35:33,broken clouds
318,Anloga,5.7947,0.8973,83.39,74,22,11.12,GH,2022-04-30 19:35:34,few clouds
319,At-Bashi,41.1702,75.8106,46.44,54,14,7.94,KG,2022-04-30 19:35:34,few clouds
320,Queimadas,-10.9783,-39.6264,78.3,64,100,8.28,BR,2022-04-30 19:35:35,overcast clouds
321,Kipushi,-11.7667,27.2333,64.36,77,99,3.53,CD,2022-04-30 19:35:35,overcast clouds
322,Mrakovo,52.7161,56.6244,47.44,75,80,1.07,RU,2022-04-30 19:35:36,broken clouds
323,Piacabucu,-10.4056,-36.4344,77.49,81,100,7.9,BR,2022-04-30 19:35:36,overcast clouds
324,General Pico,-35.6566,-63.7568,66.04,30,0,5.93,AR,2022-04-30 19:31:22,clear sky
325,Nagato,34.3833,131.2,55.2,76,100,4.0,JP,2022-04-30 19:35:37,overcast clouds
326,Manokwari,-0.8667,134.0833,77.23,86,100,5.77,ID,2022-04-30 19:35:38,overcast clouds
327,Pevek,69.7008,170.3133,1.87,98,100,4.94,RU,2022-04-30 19:30:49,overcast clouds
328,Derzhavinsk,51.1,66.3167,61.5,59,100,9.6,KZ,2022-04-30 19:35:38,overcast clouds
329,Franklin,39.9667,-83.0166,68.52,71,100,11.5,US,2022-04-30 19:35:39,overcast clouds
330,Rabat,33.9911,-6.8401,69.87,46,3,11.5,MA,2022-04-30 19:35:39,clear sky
331,Itaituba,-4.2761,-55.9836,89.76,66,40,8.05,BR,2022-04-30 19:35:40,scattered clouds
332,Taltal,-25.4,-70.4833,65.1,73,24,7.11,CL,2022-04-30 19:35:40,few clouds
333,Porbandar,21.6422,69.6093,83.26,82,0,15.46,IN,2022-04-30 19:35:41,clear sky
334,Titlagarh,20.3,83.15,87.93,35,9,5.48,IN,2022-04-30 19:35:42,clear sky
335,Cascais,38.6979,-9.4215,75.06,49,0,14.97,PT,2022-04-30 19:35:42,clear sky
336,Livingstonia,-10.606,34.1063,63.59,88,100,3.33,MW,2022-04-30 19:35:43,overcast clouds
337,Ayagoz,47.9714,80.4392,57.2,23,100,3.31,KZ,2022-04-30 19:35:43,overcast clouds
338,Hambantota,6.1241,81.1185,81.25,85,100,14.29,LK,2022-04-30 19:35:44,overcast clouds
339,Hvolsvollur,63.7533,-20.2243,49.17,69,44,10.4,IS,2022-04-30 19:35:44,scattered clouds
340,Troitskoye,52.9821,84.6757,56.44,50,42,6.26,RU,2022-04-30 19:35:45,scattered clouds
341,Hasaki,35.7333,140.8333,45.0,61,100,10.38,JP,2022-04-30 19:35:45,overcast clouds
342,Saint-Georges,12.0564,-61.7485,83.88,74,20,27.63,GD,2022-04-30 19:31:40,few clouds
343,Shetpe,44.1667,52.1167,60.06,60,55,16.49,KZ,2022-04-30 19:35:46,broken clouds
344,Aksu,41.1231,80.2644,62.15,19,100,5.37,CN,2022-04-30 19:35:46,overcast clouds
345,Iranshahr,27.2025,60.6848,89.94,27,100,13.8,IR,2022-04-30 19:35:47,overcast clouds
346,Iqaluit,63.7506,-68.5145,26.33,73,100,8.05,CA,2022-04-30 19:35:47,overcast clouds
347,Hami,42.8,93.45,60.19,16,0,5.1,CN,2022-04-30 19:34:43,clear sky
348,Saharsa,25.8833,86.6,76.69,63,100,14.25,IN,2022-04-30 19:35:48,overcast clouds
349,Sinnamary,5.3833,-52.95,82.27,72,46,9.33,GF,2022-04-30 19:35:49,scattered clouds
350,Sao Filipe,14.8961,-24.4956,72.34,75,83,8.41,CV,2022-04-30 19:35:49,broken clouds
351,Sobolevo,54.4299,31.8996,38.12,66,20,1.5,RU,2022-04-30 19:35:50,few clouds
352,Riberalta,-10.9833,-66.1,88.0,62,75,6.91,BO,2022-04-30 19:35:50,broken clouds
353,Tigil,57.8,158.6667,26.82,96,94,1.79,RU,2022-04-30 19:35:51,overcast clouds
354,Viru,-8.4167,-78.75,78.48,57,93,7.45,PE,2022-04-30 19:35:51,overcast clouds
355,Ipixuna,-1.7625,-48.8043,78.39,90,91,3.71,BR,2022-04-30 19:35:52,overcast clouds
356,Jalu,29.0331,21.5482,80.06,19,4,8.57,LY,2022-04-30 19:35:52,clear sky
357,Bud,39.447,-86.1758,77.9,65,100,15.35,US,2022-04-30 19:35:53,overcast clouds
358,Piquete,-22.6136,-45.1761,68.45,98,100,1.86,BR,2022-04-30 19:35:54,overcast clouds
359,Havoysund,70.9963,24.6622,28.63,70,100,18.54,NO,2022-04-30 19:35:54,light snow
360,Cegledbercel,47.2237,19.6683,56.79,59,97,7.29,HU,2022-04-30 19:35:55,light rain
361,Ribeira Grande,38.5167,-28.7,64.8,82,20,11.5,PT,2022-04-30 19:35:55,few clouds
362,Brindisi,40.5833,17.6667,61.79,70,2,6.93,IT,2022-04-30 19:35:56,clear sky
363,Nara,34.6851,135.8049,58.5,83,100,1.45,JP,2022-04-30 19:35:56,light rain
364,Lompoc,34.6391,-120.4579,83.7,61,0,21.85,US,2022-04-30 19:35:57,clear sky
365,Samana,19.2056,-69.3369,82.36,89,75,6.91,DO,2022-04-30 19:35:57,broken clouds
366,Beyneu,45.3167,55.2,64.4,74,46,9.75,KZ,2022-04-30 19:35:58,scattered clouds
367,Sorland,67.667,12.6934,37.27,64,25,7.56,NO,2022-04-30 19:31:46,scattered clouds
368,Colares,38.7992,-9.4469,74.88,49,0,14.97,PT,2022-04-30 19:35:59,clear sky
369,Shuangyang,43.5242,125.6736,34.97,62,38,5.39,CN,2022-04-30 19:35:59,scattered clouds
370,Benguela,-12.5763,13.4055,77.41,87,99,3.85,AO,2022-04-30 19:31:33,overcast clouds
371,Hammerfest,70.6634,23.6821,28.85,86,100,5.75,NO,2022-04-30 19:33:53,overcast clouds
372,Ayan,56.45,138.1667,32.22,93,100,6.93,RU,2022-04-30 19:34:37,overcast clouds
373,Port Blair,11.6667,92.75,82.74,72,61,3.15,IN,2022-04-30 19:36:00,broken clouds
374,Dongsheng,39.8161,109.9776,42.53,21,0,16.53,CN,2022-04-30 19:36:01,clear sky
375,Souillac,-20.5167,57.5167,77.38,83,40,6.91,MU,2022-04-30 19:36:01,scattered clouds
376,Sakaraha,-22.9,44.5333,63.99,83,0,2.04,MG,2022-04-30 19:36:02,clear sky
377,Itarema,-2.9248,-39.9167,80.33,86,11,8.21,BR,2022-04-30 19:36:03,few clouds
378,Ossora,59.2353,163.0719,24.44,89,55,4.29,RU,2022-04-30 19:36:03,broken clouds
379,Mersing,2.4312,103.8405,78.71,94,40,3.44,MY,2022-04-30 19:36:04,scattered clouds
380,Kratovo,42.0792,22.1814,52.39,80,21,5.79,MK,2022-04-30 19:36:04,few clouds
381,Kieta,-6.2167,155.6333,78.4,82,100,3.15,PG,2022-04-30 19:36:05,light rain
382,Gualaquiza,-3.4,-78.55,62.74,99,100,0.94,EC,2022-04-30 19:36:05,light rain
383,Fairbanks,64.8378,-147.7164,54.09,39,0,6.91,US,2022-04-30 19:36:06,clear sky
384,Lafiagi,8.8667,5.4167,88.5,48,72,7.31,NG,2022-04-30 19:36:06,broken clouds
385,Meulaboh,4.1363,96.1285,78.53,87,100,0.78,ID,2022-04-30 19:36:07,overcast clouds
386,Ahuimanu,21.4447,-157.8378,77.2,74,75,13.8,US,2022-04-30 19:36:07,light rain
387,Rosetown,51.5501,-108.0014,62.65,20,49,5.75,CA,2022-04-30 19:36:08,scattered clouds
388,Aklavik,68.2191,-135.0107,44.6,53,75,8.05,CA,2022-04-30 19:36:08,broken clouds
389,Mayo,38.8876,-76.5119,72.21,30,0,5.01,US,2022-04-30 19:36:09,clear sky
390,Los Llanos De Aridane,28.6585,-17.9182,65.12,78,20,13.8,ES,2022-04-30 19:36:10,few clouds
391,Ghanzi,-21.5667,21.7833,68.88,39,77,4.97,BW,2022-04-30 19:36:10,broken clouds
392,Sao Paulo Do Potengi,-5.895,-35.7628,82.51,67,27,10.98,BR,2022-04-30 19:36:11,scattered clouds
393,Port Hedland,-20.3167,118.5667,73.45,64,66,6.91,AU,2022-04-30 19:36:06,broken clouds
394,Zemio,5.0314,25.1361,69.94,96,100,2.21,CF,2022-04-30 19:36:12,overcast clouds
395,Udachnyy,66.4167,112.4,17.46,85,100,22.82,RU,2022-04-30 19:31:44,light snow
396,Verkhoyansk,67.5447,133.385,11.57,90,68,4.83,RU,2022-04-30 19:36:12,broken clouds
397,Hamilton,39.1834,-84.5333,72.32,75,75,12.66,US,2022-04-30 19:36:13,broken clouds
398,Mizdah,31.4451,12.9801,63.27,47,29,22.84,LY,2022-04-30 19:36:13,scattered clouds
399,Kysyl-Syr,63.8986,122.7617,33.1,98,100,11.45,RU,2022-04-30 19:36:14,snow
400,Karratha,-20.7377,116.8463,75.67,52,88,12.5,AU,2022-04-30 19:36:14,overcast clouds
401,Dickinson,29.4608,-95.0513,88.12,75,75,12.66,US,2022-04-30 19:31:43,broken clouds
402,Bouar,5.934,15.596,67.01,93,46,3.06,CF,2022-04-30 19:36:15,scattered clouds
403,Athabasca,54.7169,-113.2854,43.21,49,99,5.06,CA,2022-04-30 19:36:16,overcast clouds
404,Puerto Carreno,6.189,-67.4859,75.18,94,40,4.61,CO,2022-04-30 19:36:16,scattered clouds
405,Husavik,66.0449,-17.3389,50.7,56,100,7.11,IS,2022-04-30 19:36:17,overcast clouds
406,Toppenish,46.3774,-120.3087,54.7,69,100,4.81,US,2022-04-30 19:36:17,moderate rain
407,Salalah,17.0151,54.0924,86.09,79,75,4.61,OM,2022-04-30 19:36:18,broken clouds
408,Labuhan,-6.8844,112.2051,79.23,89,100,8.5,ID,2022-04-30 19:36:18,overcast clouds
409,Riviere-Au-Renard,48.9957,-64.3971,37.69,100,100,17.69,CA,2022-04-30 19:36:19,overcast clouds
410,Takoradi,4.8845,-1.7554,81.45,82,85,8.88,GH,2022-04-30 19:31:53,overcast clouds
411,Buraydah,26.326,43.975,82.85,33,1,11.59,SA,2022-04-30 19:36:19,clear sky
412,Shenjiamen,29.9576,122.298,55.53,81,100,16.44,CN,2022-04-30 19:36:20,overcast clouds
413,Waingapu,-9.6567,120.2641,77.74,86,87,5.57,ID,2022-04-30 19:36:21,overcast clouds
414,Quilmana,-12.95,-76.3833,74.59,67,57,7.36,PE,2022-04-30 19:36:21,broken clouds
415,Pochutla,15.7432,-96.4661,88.83,41,4,9.84,MX,2022-04-30 19:36:22,clear sky
416,Guaiba,-30.1139,-51.325,67.91,75,75,9.22,BR,2022-04-30 19:36:22,broken clouds
417,Lubango,-14.9172,13.4925,66.07,58,100,4.21,AO,2022-04-30 19:36:23,overcast clouds
418,Coihaique,-45.5752,-72.0662,52.41,71,75,8.05,CL,2022-04-30 19:36:24,broken clouds
419,Smoky Lake,54.1169,-112.4686,55.56,40,99,8.05,CA,2022-04-30 19:36:24,overcast clouds
420,Port Augusta,-32.5,137.7667,56.23,64,0,3.91,AU,2022-04-30 19:36:25,clear sky
421,Uyuni,-20.4597,-66.825,60.82,22,0,11.9,BO,2022-04-30 19:36:25,clear sky
422,Brae,60.3964,-1.353,45.34,74,91,12.15,GB,2022-04-30 19:36:26,overcast clouds
423,Puerto Escondido,15.85,-97.0667,86.83,66,40,3.44,MX,2022-04-30 19:34:37,scattered clouds
424,Sola,-13.8833,167.55,81.52,71,99,4.65,VU,2022-04-30 19:36:26,light rain
425,Tual,-5.6667,132.75,83.73,74,99,15.55,ID,2022-04-30 19:36:27,overcast clouds
426,Owen Sound,44.5672,-80.9435,57.58,51,100,9.66,CA,2022-04-30 19:36:27,overcast clouds
427,San Marcos,33.1434,-117.1661,85.89,58,0,10.36,US,2022-04-30 19:36:28,clear sky
428,Yurla,59.3259,54.3223,34.66,78,82,8.28,RU,2022-04-30 19:36:28,broken clouds
429,Richland,40.7834,-82.5499,66.76,38,75,13.8,US,2022-04-30 19:31:34,broken clouds
430,Cairns,-16.9167,145.7667,73.35,94,75,10.36,AU,2022-04-30 19:36:29,broken clouds
431,Chalmette,29.9427,-89.9634,89.01,54,75,11.5,US,2022-04-30 19:36:30,broken clouds
432,Presidencia Roque Saenz Pena,-26.7852,-60.4388,72.07,59,100,6.35,AR,2022-04-30 19:36:30,overcast clouds
433,Zaysan,47.4667,84.8667,56.61,22,91,7.2,KZ,2022-04-30 19:36:31,overcast clouds
434,Kudahuvadhoo,2.6708,72.8944,85.62,69,87,16.73,MV,2022-04-30 19:36:31,overcast clouds
435,Trincomalee,8.5711,81.2335,82.47,81,15,14.03,LK,2022-04-30 19:36:32,few clouds
436,Ler,8.3018,30.1418,82.13,56,84,7.65,SS,2022-04-30 19:36:32,broken clouds
437,Calamar,10.2511,-74.9146,95.05,44,100,1.97,CO,2022-04-30 19:36:33,overcast clouds
438,Hay River,60.8156,-115.7999,33.76,69,0,10.36,CA,2022-04-30 19:32:26,clear sky
439,Phan Thiet,10.9333,108.1,78.62,86,100,2.17,VN,2022-04-30 19:36:34,overcast clouds
440,Pandan,14.0453,124.1694,79.11,86,100,7.54,PH,2022-04-30 19:36:34,overcast clouds
441,Acarau,-2.8856,-40.12,80.65,85,16,8.61,BR,2022-04-30 19:36:35,few clouds
442,Moose Jaw,50.4001,-105.5344,53.85,54,71,5.75,CA,2022-04-30 19:34:11,broken clouds
443,Abu Samrah,35.3029,37.1841,66.04,68,7,9.4,SY,2022-04-30 19:36:36,clear sky
444,Iracoubo,5.4802,-53.2011,82.06,73,26,9.24,GF,2022-04-30 19:36:36,scattered clouds
445,Rafai,4.95,23.9167,67.6,97,100,1.9,CF,2022-04-30 19:36:37,light rain
446,Lubbock,33.6001,-101.8338,75.38,15,20,5.75,US,2022-04-30 19:35:39,smoke
447,Galle,6.0367,80.217,81.99,83,99,11.59,LK,2022-04-30 19:36:37,overcast clouds
448,Red Bank,40.3471,-74.0643,69.22,25,0,5.99,US,2022-04-30 19:31:44,clear sky
449,Sisimiut,66.9395,-53.6735,26.51,54,2,3.8,GL,2022-04-30 19:36:38,clear sky
450,Semey,50.4111,80.2275,63.21,27,100,11.27,KZ,2022-04-30 19:36:39,overcast clouds
451,Padang,-0.9492,100.3543,77.34,90,99,4.59,ID,2022-04-30 19:36:39,light rain
452,Belomorsk,64.5232,34.7668,27.3,98,73,2.82,RU,2022-04-30 19:36:40,broken clouds
453,Korla,41.7597,86.1469,58.51,29,5,3.67,CN,2022-04-30 19:36:40,clear sky
454,Nassau,40.7507,-73.5829,68.32,25,0,12.66,US,2022-04-30 19:36:41,clear sky
455,Anadyr,64.75,177.4833,28.9,68,40,17.9,RU,2022-04-30 19:36:41,scattered clouds
456,Meadow Lake,34.8014,-106.5436,75.69,9,0,6.46,US,2022-04-30 19:34:06,clear sky
457,Lyngdal,58.1376,7.07,50.9,60,100,3.04,NO,2022-04-30 19:36:42,overcast clouds
458,Fallon,39.4735,-118.7774,69.67,20,75,3.44,US,2022-04-30 19:36:43,broken clouds
459,Shingu,33.7333,135.9833,58.95,85,100,7.78,JP,2022-04-30 19:36:43,overcast clouds
460,Sindor,62.8629,51.8905,22.84,91,27,3.67,RU,2022-04-30 19:35:58,scattered clouds
461,Sattahip,12.6664,100.9007,87.98,74,20,4.61,TH,2022-04-30 19:36:44,few clouds
462,Cabo San Lucas,22.8909,-109.9124,86.61,44,20,11.5,MX,2022-04-30 19:36:44,few clouds
463,Babol,36.5513,52.679,60.78,94,100,0.0,IR,2022-04-30 19:36:45,light rain
464,Lazarev,52.225,141.5131,30.09,95,100,10.22,RU,2022-04-30 19:36:45,light snow
465,Praia,14.9215,-23.5087,73.94,68,20,23.02,CV,2022-04-30 19:36:46,few clouds
466,Havre-Saint-Pierre,50.2334,-63.5986,37.76,87,100,14.97,CA,2022-04-30 19:36:46,overcast clouds
467,Bardiyah,31.7561,25.0865,64.72,77,67,11.63,LY,2022-04-30 19:36:47,broken clouds
468,Pundaguitan,6.3711,126.1689,79.54,83,99,6.93,PH,2022-04-30 19:36:47,overcast clouds
469,Lappeenranta,61.0587,28.1887,42.85,56,0,8.05,FI,2022-04-30 19:36:48,clear sky
470,Ancud,-41.8697,-73.8203,52.0,80,100,6.89,CL,2022-04-30 19:32:07,overcast clouds
471,Hongjiang,27.11,109.9956,54.79,97,100,3.31,CN,2022-04-30 19:36:49,overcast clouds
472,Port-Gentil,-0.7193,8.7815,80.56,83,20,2.3,GA,2022-04-30 19:36:49,few clouds
473,Soyaux,45.65,0.2,61.39,55,0,5.75,FR,2022-04-30 19:36:50,clear sky
474,Sikeston,36.8767,-89.5879,76.91,57,75,13.8,US,2022-04-30 19:34:27,broken clouds
475,Kloulklubed,7.0419,134.2556,82.35,74,96,4.68,PW,2022-04-30 19:36:50,overcast clouds
476,Ponta Delgada,37.7333,-25.6667,65.12,82,20,9.22,PT,2022-04-30 19:36:51,few clouds
477,Pisco,-13.7,-76.2167,72.01,64,0,10.36,PE,2022-04-30 19:36:43,clear sky
478,Richards Bay,-28.783,32.0377,66.15,77,9,9.37,ZA,2022-04-30 19:36:52,clear sky
479,Tecoanapa,16.5167,-98.75,87.1,52,57,12.17,MX,2022-04-30 19:36:52,broken clouds
480,Idil,37.3411,41.8895,60.15,80,100,7.65,TR,2022-04-30 19:36:53,moderate rain
481,Ust-Koksa,50.2696,85.6108,46.06,58,100,1.57,RU,2022-04-30 19:36:53,overcast clouds
482,Obo,5.3998,26.4869,68.14,91,100,3.67,CF,2022-04-30 19:36:54,overcast clouds
483,Tukrah,32.5341,20.5791,65.3,57,99,17.05,LY,2022-04-30 19:36:54,overcast clouds
484,Inhambane,-23.865,35.3833,69.17,85,3,6.26,MZ,2022-04-30 19:36:55,clear sky
485,Skibbereen,51.55,-9.2667,54.1,87,100,6.98,IE,2022-04-30 19:36:55,overcast clouds
486,Lata,40.1629,-8.3327,56.95,76,1,3.24,PT,2022-04-30 19:36:56,clear sky
487,Mitsamiouli,-11.3847,43.2844,79.9,80,16,9.31,KM,2022-04-30 19:36:56,moderate rain
488,Meridian,43.6121,-116.3915,52.65,65,20,5.75,US,2022-04-30 19:33:51,haze
489,Bansi,27.1833,82.9333,78.12,60,0,11.23,IN,2022-04-30 19:36:57,clear sky
490,Albanel,48.8832,-72.4487,53.74,35,100,10.36,CA,2022-04-30 19:36:58,overcast clouds
491,Hays,30.0502,-98.0336,89.28,58,25,4.0,US,2022-04-30 19:36:58,scattered clouds
492,Faro,37.0194,-7.9322,64.96,77,0,10.36,PT,2022-04-30 19:36:59,clear sky
493,Kapit,2.0167,112.9333,75.15,98,100,0.94,MY,2022-04-30 19:36:59,overcast clouds
494,Chapada Dos Guimaraes,-15.4606,-55.7497,85.66,42,39,2.13,BR,2022-04-30 19:37:00,scattered clouds
495,Ibiapina,-3.9233,-40.8894,71.04,88,50,2.82,BR,2022-04-30 19:37:01,scattered clouds
496,Malindi,-3.2175,40.1191,82.56,74,20,11.5,KE,2022-04-30 19:37:01,few clouds
497,Ikom,5.9667,8.7063,78.64,83,100,3.47,NG,2022-04-30 19:37:02,overcast clouds
498,Amga,60.8953,131.9608,24.12,94,21,2.77,RU,2022-04-30 19:37:02,few clouds
499,Tulle,45.3333,1.8333,54.54,69,52,6.02,FR,2022-04-30 19:37:03,broken clouds
500,Mocuba,-16.8392,36.9856,65.01,96,0,0.85,MZ,2022-04-30 19:37:03,clear sky
501,Luang Prabang,19.8856,102.1347,72.99,97,99,1.34,LA,2022-04-30 19:37:04,overcast clouds
502,Msanga,-6.05,36.0333,72.84,82,70,5.03,TZ,2022-04-30 19:37:04,broken clouds
503,Miraflores,19.2167,-98.8083,79.03,33,74,4.76,MX,2022-04-30 19:37:05,broken clouds
504,Samur,41.8253,48.486,53.62,94,91,4.41,RU,2022-04-30 19:37:05,overcast clouds
505,Razole,16.4833,81.8333,79.14,93,8,2.44,IN,2022-04-30 19:37:06,clear sky
506,Japura,-0.3167,102.35,74.97,99,89,1.5,ID,2022-04-30 19:37:06,light rain
507,Kodinsk,58.6881,99.1844,44.83,97,100,2.39,RU,2022-04-30 19:37:07,light rain
508,Bilozerka,46.6248,32.4425,49.44,68,25,7.87,UA,2022-04-30 19:37:07,scattered clouds
509,Alyangula,-13.8483,136.4192,69.67,100,72,0.0,AU,2022-04-30 19:37:08,broken clouds
510,Lodhikheda,21.5833,78.8333,90.45,15,1,6.91,IN,2022-04-30 19:37:09,clear sky
511,Sao Jose Da Coroa Grande,-8.8978,-35.1478,78.75,75,100,8.28,BR,2022-04-30 19:37:09,overcast clouds
512,Alihe,50.5667,123.7167,25.92,53,3,4.07,CN,2022-04-30 19:37:10,clear sky
513,Manjeshwar,12.7194,74.8861,85.15,81,62,4.81,IN,2022-04-30 19:37:10,broken clouds
514,Domoni,-12.2569,44.5319,79.3,86,81,8.79,KM,2022-04-30 19:37:11,light rain
515,Nyimba,-14.5566,30.8149,64.47,71,5,4.68,ZM,2022-04-30 19:34:17,clear sky
516,Fort Frances,48.5999,-93.4003,43.02,68,100,12.66,CA,2022-04-30 19:37:11,moderate rain
517,Tazovskiy,67.4667,78.7,11.53,95,42,10.0,RU,2022-04-30 19:37:12,scattered clouds
518,Cabedelo,-6.9811,-34.8339,83.07,75,100,15.37,BR,2022-04-30 19:37:12,overcast clouds
519,Touros,-5.1989,-35.4608,80.98,71,15,15.46,BR,2022-04-30 19:33:22,few clouds
520,Ati,13.2154,18.3353,95.5,18,100,1.97,TD,2022-04-30 19:37:13,overcast clouds
521,Matara,5.9485,80.5353,80.98,86,96,10.07,LK,2022-04-30 19:37:14,overcast clouds
522,Ornskoldsvik,63.2909,18.7153,43.75,56,100,6.91,SE,2022-04-30 19:37:14,overcast clouds
523,Brownwood,31.7093,-98.9912,82.96,19,0,11.5,US,2022-04-30 19:34:43,clear sky
524,Prokopion,38.7333,23.4833,58.1,70,62,4.34,GR,2022-04-30 19:37:15,broken clouds
525,Leopoldov,48.4458,17.7646,59.23,47,100,1.99,SK,2022-04-30 19:37:16,overcast clouds
526,Homer,59.6425,-151.5483,40.89,79,100,19.57,US,2022-04-30 19:35:16,light rain
527,Poso,-1.3959,120.7524,76.6,84,76,3.4,ID,2022-04-30 19:37:16,broken clouds
528,Sibolga,1.7427,98.7792,77.34,89,98,3.06,ID,2022-04-30 19:37:17,overcast clouds
529,Cayenne,4.9333,-52.3333,86.04,31,40,11.5,GF,2022-04-30 19:37:17,scattered clouds
530,Lichinga,-13.3128,35.2406,56.82,84,0,2.93,MZ,2022-04-30 19:37:18,clear sky
531,Riyadh,24.6877,46.7219,78.94,24,0,7.61,SA,2022-04-30 19:36:56,clear sky
532,Bundaberg,-24.85,152.35,66.49,99,75,5.75,AU,2022-04-30 19:37:19,broken clouds
533,Jibuti,11.5,42.5,79.72,67,20,5.82,DJ,2022-04-30 19:37:06,few clouds
534,Pecos,31.4229,-103.4932,81.43,13,0,10.36,US,2022-04-30 19:33:08,clear sky
535,Ust-Maya,60.4167,134.5333,20.48,96,60,1.79,RU,2022-04-30 19:37:19,broken clouds
536,Pangnirtung,66.1451,-65.7125,23.0,80,100,2.3,CA,2022-04-30 19:37:04,overcast clouds
537,Bereda,43.2686,-7.5406,62.58,83,12,2.98,ES,2022-04-30 19:33:06,few clouds
538,Weligama,5.9667,80.4167,81.21,85,97,10.38,LK,2022-04-30 19:37:21,overcast clouds
539,Mugur-Aksy,50.35,90.5,44.76,28,100,4.63,RU,2022-04-30 19:37:21,overcast clouds
540,Shawville,45.6001,-76.4827,61.86,32,0,7.02,CA,2022-04-30 19:37:22,clear sky
541,Yichang,30.7144,111.2847,58.59,89,100,2.44,CN,2022-04-30 19:37:22,light rain
542,Zabaykalsk,49.6333,117.3167,36.28,37,100,3.44,RU,2022-04-30 19:37:23,overcast clouds
543,Nanakuli,21.3906,-158.1547,77.45,68,75,8.05,US,2022-04-30 19:37:23,broken clouds
544,Katangli,51.7102,143.2326,30.07,98,100,5.99,RU,2022-04-30 19:37:24,light snow
545,Rocha,-34.4833,-54.3333,58.86,68,100,1.43,UY,2022-04-30 19:36:50,overcast clouds
546,Ternate,0.8,127.4,79.68,80,100,1.5,ID,2022-04-30 19:32:27,overcast clouds
547,Kapuskasing,49.4169,-82.4331,62.6,17,75,17.27,CA,2022-04-30 19:37:25,broken clouds
548,Fukue,32.6881,128.8419,59.76,71,100,17.69,JP,2022-04-30 19:37:25,light rain
549,Leningradskiy,69.3833,178.4167,9.64,91,71,4.41,RU,2022-04-30 19:37:26,broken clouds
550,Minot,48.2325,-101.2963,48.42,61,100,21.85,US,2022-04-30 19:37:26,overcast clouds
551,Oriximina,-1.7656,-55.8661,81.95,87,62,2.89,BR,2022-04-30 19:37:27,broken clouds
552,Sao Gabriel Da Cachoeira,-0.1303,-67.0892,87.6,66,40,4.61,BR,2022-04-30 19:35:16,scattered clouds
553,Krosno,49.6887,21.7706,51.37,78,99,4.14,PL,2022-04-30 19:37:27,overcast clouds
554,Flin Flon,54.7682,-101.865,53.44,47,75,3.44,CA,2022-04-30 19:37:28,broken clouds
555,Eenhana,-17.4667,16.3333,69.75,42,5,5.59,NA,2022-04-30 19:37:28,clear sky
556,Luohe,33.5717,114.0353,50.13,52,100,4.07,CN,2022-04-30 19:37:29,overcast clouds
557,Sawakin,19.1059,37.3321,84.29,70,91,1.34,SD,2022-04-30 19:37:29,overcast clouds
558,Malanje,-9.5402,16.341,65.89,78,100,1.19,AO,2022-04-30 19:34:46,overcast clouds
559,Moa,20.6569,-74.9403,79.45,72,49,11.14,CU,2022-04-30 19:37:30,scattered clouds
560,Howell,42.6073,-83.9294,60.94,30,100,16.11,US,2022-04-30 19:37:31,overcast clouds
561,Pacifica,37.6138,-122.4869,74.43,79,75,19.57,US,2022-04-30 19:37:31,broken clouds
562,Krasnoselkup,65.7,82.4667,19.6,95,99,14.2,RU,2022-04-30 19:37:32,light snow
563,Iralaya,15.0,-83.2333,83.59,67,13,9.48,HN,2022-04-30 19:37:32,few clouds
564,Acobamba,-11.3525,-75.6594,59.63,66,93,7.85,PE,2022-04-30 19:37:33,overcast clouds
565,Mufulira,-12.5498,28.2407,59.22,84,3,4.34,ZM,2022-04-30 19:37:33,clear sky
566,Vysokogornyy,50.1167,139.15,18.57,96,49,2.53,RU,2022-04-30 19:37:34,scattered clouds
567,Payakumbuh,-0.2202,100.6308,69.69,98,100,3.02,ID,2022-04-30 19:37:34,moderate rain
568,Jaca,42.569,-0.5499,57.99,77,100,6.13,ES,2022-04-30 19:37:35,overcast clouds
569,Apricena,41.7839,15.4437,58.82,67,6,1.7,IT,2022-04-30 19:37:35,clear sky
570,Gravdal,68.1214,13.5031,35.49,69,75,3.44,NO,2022-04-30 19:37:36,broken clouds
571,Zapolyarnyy,69.4154,30.8136,25.88,85,40,6.24,RU,2022-04-30 19:37:36,scattered clouds
572,Cockburn Town,21.4612,-71.1419,82.36,57,40,17.27,TC,2022-04-30 19:37:37,scattered clouds
573,Togur,58.3631,82.8265,32.85,89,100,9.44,RU,2022-04-30 19:37:37,overcast clouds
574,Flinders,-34.5833,150.8552,54.68,78,0,3.0,AU,2022-04-30 19:37:38,clear sky
575,Ballitoville,-29.539,31.2144,66.24,76,74,8.66,ZA,2022-04-30 19:37:38,broken clouds
576,Beira,-19.8436,34.8389,69.89,88,0,4.61,MZ,2022-04-30 19:37:39,clear sky
577,Sukhaya Buyvola,45.1533,42.9956,57.16,81,100,8.19,RU,2022-04-30 19:37:39,light rain
578,Pryazha,61.6926,33.6216,34.83,98,100,6.17,RU,2022-04-30 19:37:40,snow
579,Santa Fe,-31.6333,-60.7,63.01,62,96,5.59,AR,2022-04-30 19:37:17,light rain
580,Xining,36.6167,101.7667,32.34,78,100,2.33,CN,2022-04-30 19:35:46,light snow
581,La Primavera,5.4906,-70.4092,75.47,87,100,6.78,CO,2022-04-30 19:37:41,overcast clouds
582,Kaduqli,11.0167,29.7167,89.69,11,4,2.98,SD,2022-04-30 19:37:41,clear sky
583,Batagay,67.6333,134.6333,15.28,91,65,5.66,RU,2022-04-30 19:37:42,broken clouds
584,Nowy Dwor Gdanski,54.2131,19.1177,54.68,61,100,5.41,PL,2022-04-30 19:37:43,overcast clouds
585,Koungheul,13.9833,-14.8,96.33,10,100,2.21,SN,2022-04-30 19:37:43,overcast clouds
586,Broken Hill,-31.95,141.4333,49.71,87,0,5.75,AU,2022-04-30 19:37:44,clear sky
587,Kristiansund,63.1115,7.732,44.65,87,100,4.61,NO,2022-04-30 19:37:44,overcast clouds
588,Palana,59.1167,159.9667,27.3,75,15,2.64,RU,2022-04-30 19:37:45,few clouds
589,Santa Luzia,-19.7697,-43.8514,86.14,38,0,9.22,BR,2022-04-30 19:36:03,clear sky
590,Nizhniy Kuranakh,58.8353,125.4869,23.68,85,9,3.91,RU,2022-04-30 19:37:45,clear sky
591,Vila Velha,-20.3297,-40.2925,84.15,79,20,9.22,BR,2022-04-30 19:37:46,few clouds
592,Palmer,42.1584,-72.3287,63.77,25,40,16.11,US,2022-04-30 19:37:47,scattered clouds
593,Sabzevar,36.2126,57.6819,65.48,68,75,4.61,IR,2022-04-30 19:37:47,light intensity shower rain
594,Caconda,-13.7333,15.0667,61.41,62,100,3.87,AO,2022-04-30 19:37:48,overcast clouds
595,Tautira,-17.7333,-149.15,79.92,75,58,14.34,PF,2022-04-30 19:37:48,light rain
596,Fenoarivo Atsinanana,-17.3667,49.4167,71.46,88,3,3.62,MG,2022-04-30 19:37:49,clear sky
597,Qui Nhon,13.7667,109.2333,78.28,90,100,4.56,VN,2022-04-30 19:37:49,overcast clouds
598,Mansa,29.9833,75.3833,90.73,12,25,3.71,IN,2022-04-30 19:37:50,scattered clouds
599,Tanhacu,-14.0214,-41.2481,80.82,50,65,6.87,BR,2022-04-30 19:37:50,broken clouds
600,Linhares,-19.3911,-40.0722,77.31,69,36,7.83,BR,2022-04-30 19:37:51,scattered clouds
601,Inirida,3.8653,-67.9239,77.77,87,100,6.04,CO,2022-04-30 19:37:51,overcast clouds
602,Pachora,20.6667,75.35,88.84,28,0,8.75,IN,2022-04-30 19:37:52,clear sky
603,Zhangye,38.9342,100.4517,45.32,45,100,5.19,CN,2022-04-30 19:37:52,overcast clouds
604,Boden,65.8252,21.6886,35.6,96,85,1.28,SE,2022-04-30 19:37:53,overcast clouds
605,San Carlos De Bariloche,-41.1456,-71.3082,46.15,66,75,2.3,AR,2022-04-30 19:36:26,moderate rain
606,Wanning,18.8003,110.3967,76.48,92,99,4.09,CN,2022-04-30 19:36:40,moderate rain
607,Xiazhen,34.8022,117.1117,48.79,51,62,5.03,CN,2022-04-30 19:37:53,broken clouds
608,Nemuro,43.3236,145.575,37.42,57,92,4.59,JP,2022-04-30 19:36:48,overcast clouds
609,Hamakita,34.8,137.7833,57.83,73,100,5.01,JP,2022-04-30 19:37:54,overcast clouds
610,Amli,20.2833,73.0167,81.93,70,0,6.46,IN,2022-04-30 19:37:55,clear sky
611,Ustrzyki Dolne,49.4304,22.5938,43.16,83,48,3.89,PL,2022-04-30 19:37:55,scattered clouds
612,Svetlogorsk,52.6333,29.7333,41.18,64,15,5.14,BY,2022-04-30 19:34:50,few clouds
613,Imbituba,-28.24,-48.6703,70.86,76,95,11.48,BR,2022-04-30 19:37:57,moderate rain
614,Kokorevka,52.5872,34.2778,37.6,68,7,4.92,RU,2022-04-30 19:37:58,clear sky
615,Alice Springs,-23.7,133.8833,56.75,72,40,8.05,AU,2022-04-30 19:37:58,scattered clouds
616,Saskylakh,71.9167,114.0833,10.72,93,100,16.37,RU,2022-04-30 19:36:18,overcast clouds
617,Lac Du Bonnet,50.2536,-96.0612,43.27,97,100,7.36,CA,2022-04-30 19:37:59,overcast clouds
618,Boundiali,9.5217,-6.4869,84.13,49,97,7.25,CI,2022-04-30 19:37:59,overcast clouds
619,Baley,51.6,116.6333,34.88,45,99,2.89,RU,2022-04-30 19:38:00,overcast clouds
620,Dudinka,69.4058,86.1778,18.63,93,100,15.82,RU,2022-04-30 19:38:00,overcast clouds
621,Marzuq,14.4,46.4667,76.46,58,50,4.92,YE,2022-04-30 19:34:19,scattered clouds
622,Hirara,24.8,125.2833,75.31,87,100,13.15,JP,2022-04-30 19:38:01,overcast clouds
623,Vanimo,-2.6741,141.3028,76.73,86,97,3.36,PG,2022-04-30 19:38:02,overcast clouds
624,Dali,25.7,100.1833,58.19,71,98,4.14,CN,2022-04-30 19:38:02,overcast clouds
625,Nalut,30.3333,10.85,76.62,16,100,13.42,LY,2022-04-30 19:38:03,overcast clouds
626,Palenque,17.5167,-91.9667,91.56,62,20,0.0,MX,2022-04-30 19:38:03,few clouds
627,Panguna,-6.3164,155.4848,67.95,94,100,1.23,PG,2022-04-30 19:38:04,overcast clouds
628,Salina Cruz,16.1667,-95.2,88.47,57,14,14.54,MX,2022-04-30 19:38:04,few clouds
629,Obzor,42.8167,27.8833,53.28,84,7,11.39,BG,2022-04-30 19:38:05,clear sky
630,Igarka,67.4667,86.5833,12.61,92,100,10.31,RU,2022-04-30 19:38:06,overcast clouds
631,Kochi,9.9399,76.2602,80.58,79,53,7.99,IN,2022-04-30 19:38:06,broken clouds
632,Norden,53.6,7.2,46.96,83,21,7.83,DE,2022-04-30 19:38:07,few clouds
633,Yar-Sale,66.8333,70.8333,16.09,89,33,9.57,RU,2022-04-30 19:38:07,scattered clouds
634,Port Shepstone,-30.7414,30.455,64.36,75,13,10.02,ZA,2022-04-30 19:38:08,few clouds
635,Port Lincoln,-34.7333,135.8667,58.5,84,22,8.32,AU,2022-04-30 19:38:08,few clouds
636,Toba,34.4833,136.85,61.09,80,100,1.99,JP,2022-04-30 19:38:09,overcast clouds
637,Luganville,-15.5333,167.1667,75.54,90,100,4.29,VU,2022-04-30 19:38:09,overcast clouds
638,Roald,62.5833,6.1333,45.52,87,75,4.61,NO,2022-04-30 19:38:10,broken clouds
639,Slonim,53.0867,25.3219,43.7,75,59,1.48,BY,2022-04-30 19:38:11,broken clouds
640,Pallasovka,50.05,46.8833,53.19,66,81,7.09,RU,2022-04-30 19:38:11,broken clouds
641,Synya,65.3718,58.0387,23.29,81,43,6.13,RU,2022-04-30 19:38:12,scattered clouds
642,Mount Isa,-20.7333,139.5,65.97,82,54,4.61,AU,2022-04-30 19:38:12,broken clouds
643,Wicklow,53.0,-6.4167,48.06,93,100,4.32,IE,2022-04-30 19:38:13,moderate rain
644,Roma,43.2128,-75.4557,62.96,24,0,8.05,US,2022-04-30 19:38:13,clear sky
645,Abu Zabad,12.35,29.25,87.64,9,20,10.4,SD,2022-04-30 19:38:14,few clouds
646,Creel,27.75,-107.6333,76.28,6,28,9.31,MX,2022-04-30 19:38:14,scattered clouds
647,San Pedro De Macoris,18.4616,-69.2972,80.73,92,100,8.41,DO,2022-04-30 19:38:15,overcast clouds
648,Bada,51.392,109.8717,43.25,84,77,4.65,RU,2022-04-30 19:38:15,broken clouds
649,Paceco,37.9787,12.5566,60.53,88,0,5.75,IT,2022-04-30 19:38:16,clear sky
650,Launceston,-41.45,147.1667,57.79,90,100,13.8,AU,2022-04-30 19:38:16,moderate rain
651,Lasa,46.6166,10.7002,49.08,96,98,3.36,IT,2022-04-30 19:38:17,overcast clouds
652,Bail Hongal,15.8167,74.8667,80.64,61,0,10.31,IN,2022-04-30 19:38:18,clear sky
653,Grand Gaube,-20.0064,57.6608,77.4,80,3,1.99,MU,2022-04-30 19:38:18,clear sky
654,Dunedin,-45.8742,170.5036,54.81,83,100,1.99,NZ,2022-04-30 19:38:19,overcast clouds
655,Lyubinskiy,55.1542,72.6925,44.28,53,98,13.8,RU,2022-04-30 19:38:19,overcast clouds
656,Miyako,39.6367,141.9525,45.03,71,100,9.73,JP,2022-04-30 19:38:20,overcast clouds
657,Muravlenko,63.7898,74.523,26.92,80,17,19.64,RU,2022-04-30 19:38:20,few clouds
658,Andapa,-14.65,49.65,68.18,99,43,1.5,MG,2022-04-30 19:38:21,scattered clouds
659,Cubara,7.0008,-72.1085,74.71,97,100,1.66,CO,2022-04-30 19:38:21,overcast clouds
660,Sakakah,29.9697,40.2064,92.77,11,0,16.8,SA,2022-04-30 19:38:22,clear sky
661,Forestville,38.8451,-76.875,71.33,25,20,5.75,US,2022-04-30 19:38:22,few clouds
662,Sheboygan,43.7333,-87.9334,53.98,75,100,19.57,US,2022-04-30 19:38:23,overcast clouds
663,Vicuna,-30.0319,-70.7081,51.53,22,0,6.58,CL,2022-04-30 19:38:23,clear sky
664,Dubbo,-32.25,148.6167,42.93,93,6,9.22,AU,2022-04-30 19:38:10,clear sky
665,Mikhaylovka,50.06,43.2379,47.79,58,96,7.49,RU,2022-04-30 19:38:24,overcast clouds
666,Bida,9.0833,6.0167,88.45,44,92,4.05,NG,2022-04-30 19:38:25,light rain
667,Privolnyy,44.0998,46.6587,55.06,83,7,5.66,RU,2022-04-30 19:38:25,clear sky
668,Berlevag,70.8578,29.0864,28.4,74,94,14.56,NO,2022-04-30 19:38:26,light snow
669,Omboue,-1.5746,9.2618,79.38,91,100,7.4,GA,2022-04-30 19:38:26,overcast clouds
670,Fairmont,39.4851,-80.1426,70.92,33,100,4.7,US,2022-04-30 19:38:27,overcast clouds
671,Lumut,4.2323,100.6298,78.82,94,40,2.3,MY,2022-04-30 19:38:27,scattered clouds
672,Marsa Matruh,31.3525,27.2453,66.4,72,0,6.91,EG,2022-04-30 19:35:45,clear sky
673,Ugoofaaru,5.6667,73.0,85.24,73,78,11.3,MV,2022-04-30 19:38:28,broken clouds
