,City,Lat,Lng,Max Temp,Humidity,Cloudiness,Wind Speed,Country,Date
0,Ust-Uda,54.1742,103.0304,50.85,82,99,1.39,RU,2022-04-30 18:58:48
1,Birin,26.8865,88.0718,57.6,84,100,4.83,NP,2022-04-30 18:58:48
2,Rikitea,-23.1203,-134.9692,75.87,75,53,12.26,PF,2022-04-30 18:58:49
3,Punta Arenas,-53.15,-70.9167,44.71,70,40,9.22,CL,2022-04-30 18:57:42
4,Vestmannaeyjar,63.4427,-20.2734,47.39,81,75,20.71,IS,2022-04-30 18:58:50
5,Busselton,-33.65,115.3333,55.24,86,0,5.44,AU,2022-04-30 18:58:50
6,Port Elizabeth,-33.918,25.5701,62.89,77,0,17.27,ZA,2022-04-30 18:58:51
7,Ancud,-41.8697,-73.8203,52.02,77,100,7.45,CL,2022-04-30 18:57:02
8,Albany,42.6001,-73.9662,62.92,27,89,6.69,US,2022-04-30 18:56:52
9,Itapora,-22.0799,-54.7874,89.44,36,71,5.19,BR,2022-04-30 18:58:52
10,Egvekinot,66.3167,-179.1667,14.61,83,100,10.11,RU,2022-04-30 18:58:52
11,Kruisfontein,-34.0033,24.7314,55.89,86,8,8.03,ZA,2022-04-30 18:57:47
12,Larreynaga,12.6769,-86.5719,96.82,32,93,5.41,NI,2022-04-30 18:58:53
13,Meadow Lake,34.8014,-106.5436,72.97,13,0,6.38,US,2022-04-30 18:58:53
14,Salinopolis,-0.6136,-47.3561,80.6,81,43,7.94,BR,2022-04-30 18:58:54
15,Port Hedland,-20.3167,118.5667,73.45,64,100,5.75,AU,2022-04-30 18:58:54
16,Tuktoyaktuk,69.4541,-133.0374,30.2,74,20,6.91,CA,2022-04-30 18:58:55
17,Hithadhoo,-0.6,73.0833,85.53,68,100,14.94,MV,2022-04-30 18:58:55
18,Hay River,60.8156,-115.7999,31.98,69,0,11.5,CA,2022-04-30 18:58:56
19,Alice Springs,-23.7,133.8833,56.75,72,40,6.91,AU,2022-04-30 18:58:56
20,Khatanga,71.9667,102.5,6.01,97,94,8.21,RU,2022-04-30 18:58:57
21,Dikson,73.5069,80.5464,16.25,95,100,17.81,RU,2022-04-30 18:58:58
22,Cabo San Lucas,22.8909,-109.9124,85.6,52,81,6.42,MX,2022-04-30 18:53:58
23,Kavieng,-2.5744,150.7967,81.91,74,100,3.15,PG,2022-04-30 18:58:58
24,Narsaq,60.9167,-46.05,46.85,58,16,3.56,GL,2022-04-30 18:55:58
25,Norman Wells,65.282,-126.8329,41.04,56,0,11.5,CA,2022-04-30 18:56:50
26,Saint-Philippe,-21.3585,55.7679,78.39,79,10,11.81,RE,2022-04-30 18:57:24
27,Mar Del Plata,-38.0023,-57.5575,57.22,50,0,8.05,AR,2022-04-30 18:58:59
28,Nikolskoye,59.7035,30.7861,39.09,66,100,5.86,RU,2022-04-30 18:59:00
29,Yellowknife,62.456,-114.3525,32.56,51,0,4.61,CA,2022-04-30 18:56:45
30,Luena,-11.7833,19.9167,62.01,62,75,4.56,AO,2022-04-30 18:59:01
31,Zemio,5.0314,25.1361,69.08,97,100,3.67,CF,2022-04-30 18:59:01
32,Phalaborwa,-23.943,31.1411,72.68,74,3,14.41,ZA,2022-04-30 18:54:17
33,Huarmey,-10.0681,-78.1522,72.86,73,59,10.89,PE,2022-04-30 18:59:02
34,Faanui,-16.4833,-151.75,81.28,72,10,16.17,PF,2022-04-30 18:57:12
35,Sorland,67.667,12.6934,37.0,61,25,5.3,NO,2022-04-30 18:59:03
36,Barrow,71.2906,-156.7887,23.5,91,99,2.66,US,2022-04-30 18:59:03
37,San Angelo,31.4638,-100.437,82.94,19,0,11.01,US,2022-04-30 18:56:31
38,Cape Town,-33.9258,18.4232,61.27,75,0,8.05,ZA,2022-04-30 18:55:01
39,Kaspiyskiy,45.3929,47.3707,59.36,69,3,3.04,RU,2022-04-30 18:59:04
40,Vaini,-21.2,-175.2,75.36,100,100,6.91,TO,2022-04-30 18:59:04
41,Aswan,24.0934,32.907,91.24,7,6,13.31,EG,2022-04-30 18:57:06
42,Ogbomosho,8.133,4.25,81.54,61,26,4.65,NG,2022-04-30 18:59:05
43,Mataura,-46.1927,168.8643,63.48,87,100,3.71,NZ,2022-04-30 18:59:06
44,Namatanai,-3.6667,152.4333,78.55,82,96,3.09,PG,2022-04-30 18:59:06
45,San Patricio,28.017,-97.5169,86.09,56,94,15.28,US,2022-04-30 18:59:07
46,Santa Cruz,-17.8,-63.1667,82.45,54,40,8.05,BO,2022-04-30 18:59:07
47,Qaqortoq,60.7167,-46.0333,41.25,73,34,3.0,GL,2022-04-30 18:59:08
48,Ushuaia,-54.8,-68.3,40.66,81,0,3.44,AR,2022-04-30 18:54:32
49,Boende,-0.2167,20.8667,74.52,81,14,0.92,CD,2022-04-30 18:59:09
50,Upernavik,72.7868,-56.1549,20.14,64,90,4.7,GL,2022-04-30 18:56:52
51,Bambous Virieux,-20.3428,57.7575,77.25,83,40,12.66,MU,2022-04-30 18:59:09
52,Bethel,41.3712,-73.414,64.63,36,33,4.0,US,2022-04-30 18:59:10
53,Pangnirtung,66.1451,-65.7125,21.2,79,100,3.44,CA,2022-04-30 18:59:10
54,Manutuke,-38.6833,177.9167,49.68,90,2,5.59,NZ,2022-04-30 18:59:11
55,Sept-Iles,50.2001,-66.3821,48.06,55,75,16.11,CA,2022-04-30 18:56:59
56,Isangel,-19.55,169.2667,73.51,94,100,4.61,VU,2022-04-30 18:59:12
57,Port Hardy,50.6996,-127.4199,51.98,71,40,11.5,CA,2022-04-30 18:54:19
58,Ponta Do Sol,32.6667,-17.1,70.72,65,0,2.01,PT,2022-04-30 18:59:12
59,Clyde River,70.4692,-68.5914,16.03,86,100,8.05,CA,2022-04-30 18:59:13
60,Miyako,39.6367,141.9525,44.06,78,100,9.91,JP,2022-04-30 18:59:13
61,Hobart,-42.8794,147.3294,57.06,86,40,13.8,AU,2022-04-30 18:55:06
62,Abnub,27.2696,31.1511,83.77,16,0,11.59,EG,2022-04-30 18:59:14
63,Longyearbyen,78.2186,15.6401,12.04,57,0,6.91,SJ,2022-04-30 18:59:15
64,Terney,45.0503,136.6092,38.64,92,100,6.67,RU,2022-04-30 18:59:15
65,Hermanus,-34.4187,19.2345,59.29,86,100,4.12,ZA,2022-04-30 18:59:16
66,Souillac,-20.5167,57.5167,77.38,83,40,12.66,MU,2022-04-30 18:58:39
67,La Massana,42.5667,1.4833,47.64,90,99,6.04,AD,2022-04-30 18:59:17
68,Naze,28.3667,129.4833,65.32,75,100,12.68,JP,2022-04-30 18:59:18
69,Atuona,-9.8,-139.0333,78.89,76,6,13.89,PF,2022-04-30 18:56:35
70,Snyder,32.7179,-100.9176,77.09,12,0,10.36,US,2022-04-30 18:59:19
71,Dalianwan,39.0286,121.695,53.64,43,0,11.18,CN,2022-04-30 18:59:19
72,Butaritari,3.0707,172.7902,80.53,83,100,13.18,KI,2022-04-30 18:59:20
73,Calvinia,-31.4707,19.776,56.55,43,14,3.62,ZA,2022-04-30 18:56:17
74,New Norfolk,-42.7826,147.0587,56.7,80,100,5.99,AU,2022-04-30 18:59:21
75,Komsomolskiy,40.4272,71.7189,70.52,56,89,9.22,UZ,2022-04-30 18:57:54
76,Beisfjord,68.3751,17.5988,33.85,92,100,1.36,NO,2022-04-30 18:59:22
77,Georgetown,5.4112,100.3354,82.35,89,20,3.44,MY,2022-04-30 18:58:37
78,Winfield,37.2398,-96.9956,66.51,45,37,23.35,US,2022-04-30 18:59:23
79,Imbituba,-28.24,-48.6703,70.86,66,91,13.56,BR,2022-04-30 18:59:23
80,Zonguldak,41.25,31.8333,48.92,99,100,2.35,TR,2022-04-30 18:59:24
81,Avarua,-21.2078,-159.775,80.65,83,40,9.22,CK,2022-04-30 18:56:57
82,Comodoro Rivadavia,-45.8667,-67.5,49.86,66,40,13.8,AR,2022-04-30 18:59:24
83,San Jose,37.3394,-121.895,74.48,57,0,13.8,US,2022-04-30 18:57:42
84,Sola,-13.8833,167.55,74.07,94,40,0.0,VU,2022-04-30 18:59:25
85,Grand Gaube,-20.0064,57.6608,77.4,79,4,16.53,MU,2022-04-30 18:59:26
86,Kodiak,57.79,-152.4072,37.63,98,100,29.71,US,2022-04-30 18:54:57
87,Bathsheba,13.2167,-59.5167,86.61,70,20,18.41,BB,2022-04-30 18:59:27
88,Derzhavinsk,51.1,66.3167,62.85,57,100,9.33,KZ,2022-04-30 18:59:27
89,Mayskiy,47.6931,40.1025,54.81,63,94,14.32,RU,2022-04-30 18:59:27
90,Mastic Beach,40.7668,-72.8521,65.57,28,59,5.01,US,2022-04-30 18:59:28
91,Coahuayana,18.7333,-103.6833,88.74,38,20,8.7,MX,2022-04-30 18:59:28
92,Jamestown,42.097,-79.2353,65.52,22,0,7.0,US,2022-04-30 18:55:52
93,Castro,-24.7911,-50.0119,69.73,77,47,2.62,BR,2022-04-30 18:59:29
94,San Cristobal,7.7669,-72.225,84.38,77,100,7.02,VE,2022-04-30 18:59:30
95,Abha,18.2164,42.5053,66.02,82,0,0.0,SA,2022-04-30 18:55:49
96,Najran,17.4924,44.1277,83.05,32,9,4.81,SA,2022-04-30 18:57:04
97,Flinders,-34.5833,150.8552,56.05,77,0,1.99,AU,2022-04-30 18:59:31
98,Ribeira Grande,38.5167,-28.7,66.6,72,20,11.5,PT,2022-04-30 18:57:53
99,Half Moon Bay,37.4636,-122.4286,74.53,69,75,28.77,US,2022-04-30 18:57:34
100,Modica,36.8459,14.774,58.23,65,100,6.44,IT,2022-04-30 18:59:32
101,Asau,46.4333,26.4,48.96,82,61,2.93,RO,2022-04-30 18:59:32
102,Atbasar,51.8,68.3333,61.11,56,100,15.77,KZ,2022-04-30 18:59:33
103,Marystown,47.1666,-55.1483,45.64,80,100,7.76,CA,2022-04-30 18:57:06
104,Constitucion,-35.3333,-72.4167,60.69,50,3,14.9,CL,2022-04-30 18:57:28
105,Malabo,3.75,8.7833,80.71,84,5,8.93,GQ,2022-04-30 18:58:21
106,Gamba,-2.65,10.0,78.06,85,98,7.27,GA,2022-04-30 18:59:34
107,The Valley,18.217,-63.0578,83.1,89,75,8.05,AI,2022-04-30 18:59:35
108,Chokurdakh,70.6333,147.9167,9.99,95,29,7.65,RU,2022-04-30 18:57:29
109,Karratha,-20.7377,116.8463,76.73,50,97,12.06,AU,2022-04-30 18:59:36
110,Ordynskoye,54.3656,81.8994,60.1,42,100,4.45,RU,2022-04-30 18:59:36
111,Creel,27.75,-107.6333,74.5,7,48,8.48,MX,2022-04-30 18:59:37
112,Manjo,4.8428,9.8217,72.43,94,22,1.19,CM,2022-04-30 18:59:37
113,Kaeo,-35.1,173.7833,55.33,96,85,5.35,NZ,2022-04-30 18:59:38
114,Cherskiy,68.75,161.3,4.59,97,77,4.29,RU,2022-04-30 18:56:38
115,Thompson,55.7435,-97.8558,41.16,60,75,10.36,CA,2022-04-30 18:59:39
116,Nobres,-14.7203,-56.3275,91.62,35,5,3.42,BR,2022-04-30 18:59:39
117,Jacqueville,5.2052,-4.4146,82.09,82,21,10.63,CI,2022-04-30 18:59:40
118,Kamloops,50.6665,-120.3192,52.79,59,100,3.44,CA,2022-04-30 18:59:40
119,Bolu,40.6667,31.5833,48.94,94,100,5.1,TR,2022-04-30 18:59:41
120,Port Alfred,-33.5906,26.891,59.18,81,2,5.01,ZA,2022-04-30 18:59:41
121,Kaitangata,-46.2817,169.8464,50.43,83,100,5.23,NZ,2022-04-30 18:59:42
122,Russkaya Polyana,49.417,31.9201,50.99,71,100,2.17,UA,2022-04-30 18:59:42
123,Hambantota,6.1241,81.1185,77.34,100,20,2.3,LK,2022-04-30 18:59:43
124,Sao Filipe,14.8961,-24.4956,72.82,72,91,7.56,CV,2022-04-30 18:59:43
125,Bluff,-46.6,168.3333,63.81,65,100,18.43,NZ,2022-04-30 18:56:41
126,Sangar,63.9242,127.4739,26.69,86,99,13.15,RU,2022-04-30 18:59:44
127,Broome,42.2506,-75.833,62.71,26,0,5.99,US,2022-04-30 18:59:45
128,East London,-33.0153,27.9116,59.94,82,0,8.05,ZA,2022-04-30 18:55:55
129,Vila,42.0304,-8.1588,58.69,47,5,3.67,PT,2022-04-30 18:58:36
130,Puerto Madryn,-42.7692,-65.0385,59.63,41,100,18.86,AR,2022-04-30 18:58:26
131,Padang,-0.9492,100.3543,75.25,90,99,3.87,ID,2022-04-30 18:59:46
132,Dali,25.7,100.1833,57.36,72,98,4.59,CN,2022-04-30 18:59:46
133,Puerto Ayora,-0.7393,-90.3518,78.76,79,99,9.51,EC,2022-04-30 18:59:47
134,Hamilton,39.1834,-84.5333,70.23,75,100,5.99,US,2022-04-30 18:56:10
135,Mahebourg,-20.4081,57.7,77.29,83,40,12.66,MU,2022-04-30 18:59:47
136,Bilibino,68.0546,166.4372,3.78,96,74,2.86,RU,2022-04-30 18:59:48
137,Chumikan,54.7183,135.315,27.57,92,100,1.7,RU,2022-04-30 18:59:49
138,Burnie,-41.0667,145.9167,57.94,94,100,15.23,AU,2022-04-30 18:59:49
139,Katsuura,35.1333,140.3,56.52,71,100,7.7,JP,2022-04-30 18:57:35
140,Jiexiu,37.0244,111.9125,49.82,19,0,5.3,CN,2022-04-30 18:59:50
141,Dunedin,-45.8742,170.5036,57.9,65,99,10.74,NZ,2022-04-30 18:59:50
142,Tasiilaq,65.6145,-37.6368,35.85,55,11,3.09,GL,2022-04-30 18:55:27
143,Fortuna,40.5982,-124.1573,56.93,86,100,4.61,US,2022-04-30 18:59:51
144,Sale,34.0389,-6.8166,72.28,35,4,10.36,MA,2022-04-30 18:59:52
145,Luanda,-8.8368,13.2343,80.6,83,20,5.75,AO,2022-04-30 18:59:52
146,Sinnamary,5.3833,-52.95,83.12,68,51,9.86,GF,2022-04-30 18:59:53
147,San Borja,-14.8167,-66.85,86.31,54,2,1.59,BO,2022-04-30 18:59:53
148,Hilo,19.7297,-155.09,76.28,100,100,1.01,US,2022-04-30 18:56:28
149,Kapaa,22.0752,-159.319,78.78,76,100,7.0,US,2022-04-30 18:59:54
150,Tra Vinh,9.9347,106.3453,77.97,89,100,5.23,VN,2022-04-30 18:59:54
151,Qaanaaq,77.484,-69.3632,18.12,72,94,5.46,GL,2022-04-30 18:59:55
152,Codrington,-38.2667,141.9667,57.04,84,100,13.91,AU,2022-04-30 18:59:55
153,Oistins,13.0667,-59.5333,86.09,70,20,18.41,BB,2022-04-30 18:59:56
154,Sitka,57.0531,-135.33,51.31,48,76,0.27,US,2022-04-30 18:58:51
155,Kununurra,-15.7667,128.7333,78.78,94,100,3.44,AU,2022-04-30 18:59:56
156,Yeppoon,-23.1333,150.7333,67.78,92,92,8.5,AU,2022-04-30 18:59:57
157,Bullhead City,35.1478,-114.5683,92.59,8,75,16.11,US,2022-04-30 18:59:57
158,Tuatapere,-46.1333,167.6833,61.05,62,100,10.49,NZ,2022-04-30 18:59:58
159,Asfi,32.2994,-9.2372,65.98,70,100,13.2,MA,2022-04-30 18:59:58
160,Nantucket,41.2835,-70.0995,51.03,76,15,17.34,US,2022-04-30 18:58:12
161,Kumba,4.6363,9.4469,75.4,91,71,3.74,CM,2022-04-30 18:59:59
162,Talnakh,69.4865,88.3972,18.21,97,100,7.7,RU,2022-04-30 18:57:11
163,Nanortalik,60.1432,-45.2371,38.23,84,99,1.28,GL,2022-04-30 19:00:00
164,Neiafu,-18.65,-173.9833,75.88,100,75,0.0,TO,2022-04-30 19:00:01
165,Esperance,-33.8667,121.9,55.24,72,0,6.78,AU,2022-04-30 18:58:50
166,Nemuro,43.3236,145.575,36.97,58,84,5.77,JP,2022-04-30 19:00:02
167,El Alto,-4.2714,-81.2147,74.93,64,33,16.84,PE,2022-04-30 19:00:03
168,Anupgarh,29.1911,73.2086,97.41,11,0,6.15,IN,2022-04-30 19:00:05
169,Zhuhai,22.2769,113.5678,76.86,88,40,14.97,CN,2022-04-30 19:00:08
170,Gizo,-8.103,156.8419,82.08,73,62,0.72,SB,2022-04-30 19:00:10
171,Mapiri,-15.25,-68.1667,78.04,74,41,2.82,BO,2022-04-30 19:00:11
172,Bredasdorp,-34.5322,20.0403,56.61,84,9,5.32,ZA,2022-04-30 19:00:11
173,Coquimbo,-29.9533,-71.3436,63.79,69,0,6.38,CL,2022-04-30 19:00:12
174,Manggar,-2.8833,108.2667,79.66,84,99,2.19,ID,2022-04-30 19:00:12
175,Kavaratti,10.5669,72.642,85.17,71,49,10.09,IN,2022-04-30 18:56:36
176,Galveston,29.3669,-94.9669,86.14,78,5,5.99,US,2022-04-30 19:00:13
177,Carnarvon,-24.8667,113.6333,74.52,44,0,12.59,AU,2022-04-30 19:00:14
178,Zhigansk,66.7697,123.3711,31.35,96,100,33.29,RU,2022-04-30 18:58:32
179,Noshiro,40.2039,140.0242,46.67,62,100,7.65,JP,2022-04-30 19:00:14
180,Flin Flon,54.7682,-101.865,49.64,78,100,0.78,CA,2022-04-30 19:00:15
181,Pevek,69.7008,170.3133,-1.97,100,100,4.03,RU,2022-04-30 18:55:39
182,Nobeoka,32.5833,131.6667,58.33,80,100,3.2,JP,2022-04-30 19:00:15
183,Wanning,18.8003,110.3967,76.73,91,99,3.89,CN,2022-04-30 18:58:07
184,Mackay,-21.15,149.2,68.68,86,7,11.95,AU,2022-04-30 19:00:16
185,Gondanglegi,-7.7479,112.0132,76.19,89,100,2.39,ID,2022-04-30 19:00:17
186,Vanimo,-2.6741,141.3028,76.86,86,94,3.94,PG,2022-04-30 19:00:17
187,Taitung,22.7583,121.1444,75.85,87,100,9.8,TW,2022-04-30 19:00:18
188,Alofi,-19.0595,-169.9187,80.62,80,100,12.5,NU,2022-04-30 19:00:18
189,Los Llanos De Aridane,28.6585,-17.9182,66.13,75,20,14.97,ES,2022-04-30 19:00:19
190,Pisco,-13.7,-76.2167,72.01,76,8,8.88,PE,2022-04-30 19:00:19
191,Leningradskiy,69.3833,178.4167,6.87,94,86,4.88,RU,2022-04-30 19:00:20
192,Bairiki,1.3292,172.9752,80.06,81,96,12.21,KI,2022-04-30 19:00:21
193,Tiksi,71.6872,128.8694,34.5,86,100,17.76,RU,2022-04-30 18:55:25
194,Luderitz,-26.6481,15.1594,59.5,66,0,18.5,NA,2022-04-30 18:57:05
195,Puerto Del Rosario,28.5004,-13.8627,69.55,78,20,14.97,ES,2022-04-30 19:00:22
196,Lompoc,34.6391,-120.4579,82.69,57,0,20.0,US,2022-04-30 18:57:18
197,Saint-Pierre,-21.3393,55.4781,78.48,81,100,4.61,RE,2022-04-30 19:00:22
198,Abonnema,4.7084,6.7931,79.9,79,100,6.11,NG,2022-04-30 19:00:23
199,Sao Felix Do Xingu,-6.6447,-51.995,80.64,83,99,2.68,BR,2022-04-30 19:00:23
200,Ler,8.3018,30.1418,83.91,52,94,7.94,SS,2022-04-30 19:00:24
201,Kannur,11.8675,75.3576,82.98,81,99,3.56,IN,2022-04-30 19:00:12
202,Guerrero Negro,27.9769,-114.0611,68.09,57,62,13.56,MX,2022-04-30 19:00:25
203,Dillon,34.4166,-79.3712,84.36,35,36,9.42,US,2022-04-30 19:00:25
204,Port-Gentil,-0.7193,8.7815,80.56,83,20,2.3,GA,2022-04-30 19:00:26
205,Korla,41.7597,86.1469,59.61,28,3,4.27,CN,2022-04-30 19:00:26
206,Ostrovnoy,68.0531,39.5131,18.72,83,98,10.31,RU,2022-04-30 18:59:42
207,Gardabani,41.4605,45.0928,68.09,81,100,3.15,GE,2022-04-30 19:00:27
208,Henties Bay,-22.116,14.2845,59.58,80,0,6.38,NA,2022-04-30 19:00:28
209,Hoa Binh,20.8133,105.3383,75.85,91,90,2.21,VN,2022-04-30 19:00:28
210,Lakes Entrance,-37.8811,147.981,45.16,71,5,9.51,AU,2022-04-30 19:00:29
211,Galesong,-5.3166,119.3661,75.22,83,77,3.49,ID,2022-04-30 19:00:30
212,Corn Island,12.1694,-83.0418,81.18,77,100,12.3,NI,2022-04-30 19:00:30
213,Mtimbira,-8.7833,36.35,71.47,86,23,2.04,TZ,2022-04-30 19:00:31
214,Srednekolymsk,67.45,153.6833,8.2,95,94,3.74,RU,2022-04-30 19:00:31
215,Broken Hill,-31.95,141.4333,54.3,66,0,1.92,AU,2022-04-30 19:00:32
216,Castrillon,43.3979,-6.7922,56.01,89,50,3.53,ES,2022-04-30 19:00:32
217,Ornskoldsvik,63.2909,18.7153,45.55,57,100,9.22,SE,2022-04-30 19:00:33
218,Mantua,45.1667,10.7833,67.24,64,60,4.9,IT,2022-04-30 18:58:46
219,Neka,36.6508,53.299,62.19,92,100,5.99,IR,2022-04-30 19:00:33
220,Matata,-37.8833,176.75,52.84,89,35,6.44,NZ,2022-04-30 19:00:34
221,Victoria,22.2855,114.1577,78.19,86,100,13.0,HK,2022-04-30 19:00:03
222,Cidreira,-30.1811,-50.2056,66.34,68,100,10.2,BR,2022-04-30 18:56:38
223,Saint-Joseph,-21.3667,55.6167,77.38,78,22,9.78,RE,2022-04-30 19:00:35
224,Tobol,52.6844,62.5794,48.58,59,100,13.91,KZ,2022-04-30 19:00:35
225,Auki,-8.7676,160.7034,78.12,85,100,0.89,SB,2022-04-30 19:00:36
226,Verkhoyansk,67.5447,133.385,7.45,91,43,4.27,RU,2022-04-30 19:00:36
227,Calama,-22.4667,-68.9333,72.39,11,2,13.87,CL,2022-04-30 19:00:14
228,Kurilsk,45.2333,147.8833,32.31,89,61,10.16,RU,2022-04-30 19:00:37
229,Zeya,53.75,127.2667,31.3,54,100,3.27,RU,2022-04-30 18:59:51
230,Aklavik,68.2191,-135.0107,41.0,56,75,5.75,CA,2022-04-30 18:57:14
231,Atar,20.5169,-13.0499,93.25,14,0,0.0,MR,2022-04-30 18:59:59
232,Kencong,-8.2833,113.3667,74.75,89,99,2.75,ID,2022-04-30 19:00:39
233,Olga,43.7444,135.2892,39.43,90,100,4.94,RU,2022-04-30 19:00:40
234,Arraial Do Cabo,-22.9661,-42.0278,74.8,85,100,13.56,BR,2022-04-30 19:00:40
235,Kabinda,-6.1333,24.4833,69.08,93,100,2.04,CD,2022-04-30 19:00:41
236,Yicheng,31.3705,119.8703,54.3,90,100,5.75,CN,2022-04-30 19:00:41
237,Avera,33.194,-82.5271,82.54,40,7,7.63,US,2022-04-30 19:00:20
238,Inuvik,68.3499,-133.7218,35.24,99,100,9.66,CA,2022-04-30 19:00:42
239,Boralday,43.3578,76.8594,58.86,72,75,2.24,KZ,2022-04-30 19:00:43
240,Port Blair,11.6667,92.75,83.21,72,74,4.03,IN,2022-04-30 19:00:43
241,Vermillion,42.7794,-96.9292,50.81,90,100,25.64,US,2022-04-30 19:00:44
242,Didsbury,53.417,-2.2315,55.42,73,100,5.75,GB,2022-04-30 19:00:45
243,Omboue,-1.5746,9.2618,79.56,90,100,6.91,GA,2022-04-30 19:00:45
244,Namtsy,62.7161,129.6658,18.99,95,16,3.8,RU,2022-04-30 19:00:46
245,Umm Lajj,25.0213,37.2685,86.92,45,18,9.06,SA,2022-04-30 19:00:46
246,Geraldton,-28.7667,114.6,55.81,71,0,9.22,AU,2022-04-30 18:57:12
247,Krasnystaw,50.9846,23.1742,52.0,66,85,4.88,PL,2022-04-30 19:00:47
248,Redmond,47.674,-122.1215,57.22,81,100,3.0,US,2022-04-30 18:57:29
249,Dinguiraye,11.3,-10.7167,80.62,56,99,2.08,GN,2022-04-30 19:00:48
250,Dingle,10.9995,122.6711,76.98,86,100,5.88,PH,2022-04-30 19:00:48
251,Chuy,-33.6971,-53.4616,60.66,57,100,6.15,UY,2022-04-30 18:56:30
252,Bonavista,48.6499,-53.1147,37.04,96,100,9.62,CA,2022-04-30 18:58:34
253,Saint George,37.1041,-113.5841,78.8,13,100,4.0,US,2022-04-30 18:56:53
254,Grindavik,63.8424,-22.4338,45.07,76,75,18.41,IS,2022-04-30 19:00:49
255,Katangli,51.7102,143.2326,29.68,98,100,7.16,RU,2022-04-30 19:00:50
256,Anju,39.6178,125.6647,42.37,54,0,0.45,KP,2022-04-30 19:00:50
257,Lumphat,13.4878,106.9816,76.59,92,100,1.12,KH,2022-04-30 19:00:51
258,Cacu,-18.5567,-51.1308,87.42,34,36,6.33,BR,2022-04-30 18:58:50
259,Itarema,-2.9248,-39.9167,82.18,82,13,9.33,BR,2022-04-30 18:58:00
260,Tomatlan,19.9333,-105.25,91.45,25,100,9.84,MX,2022-04-30 19:00:52
261,Ilulissat,69.2167,-51.1,20.37,69,5,10.89,GL,2022-04-30 18:58:28
262,Lata,40.1629,-8.3327,62.53,64,1,4.94,PT,2022-04-30 19:00:53
263,Vangaindrano,-23.35,47.6,71.8,87,91,2.89,MG,2022-04-30 19:00:53
264,Taoudenni,22.6783,-3.9836,87.93,12,0,8.97,ML,2022-04-30 19:00:54
265,Ko Samui,9.5357,99.9357,84.67,70,90,7.65,TH,2022-04-30 19:00:54
266,Hasaki,35.7333,140.8333,46.8,59,100,11.05,JP,2022-04-30 19:00:55
267,Kharhial,20.2833,82.7667,89.29,24,6,4.81,IN,2022-04-30 19:00:55
268,Mbaiki,3.8678,17.9892,77.14,65,89,2.62,CF,2022-04-30 19:00:56
269,Perm,58.0174,56.2855,31.46,64,0,2.24,RU,2022-04-30 19:00:56
270,Bontang,0.1333,117.5,80.11,82,100,6.33,ID,2022-04-30 19:00:57
271,Puerto Ayacucho,5.6639,-67.6236,78.94,85,100,6.67,VE,2022-04-30 19:00:57
272,Razdolnoye,43.55,131.9167,34.21,91,93,3.06,RU,2022-04-30 19:00:58
273,Namibe,-15.1961,12.1522,74.89,81,23,5.01,AO,2022-04-30 19:00:58
274,Moose Factory,51.2585,-80.6094,51.13,59,15,8.46,CA,2022-04-30 19:00:59
275,Vilyuysk,63.7553,121.6247,35.58,97,100,12.17,RU,2022-04-30 19:00:59
276,Shaunavon,49.6501,-108.4181,53.4,34,100,9.73,CA,2022-04-30 19:01:00
277,Garowe,8.4054,48.4845,81.34,67,46,17.09,SO,2022-04-30 19:01:00
278,Puerto Escondido,15.85,-97.0667,88.45,53,2,9.55,MX,2022-04-30 19:01:01
279,Palamos,41.8484,3.1291,64.0,56,66,5.99,ES,2022-04-30 19:01:02
280,Emba,48.8264,58.1442,58.42,60,100,20.24,KZ,2022-04-30 19:01:02
281,Gunjur,13.2019,-16.7339,72.99,78,34,17.09,GM,2022-04-30 19:01:03
282,Shelburne,44.0787,-80.2041,56.35,30,100,8.66,CA,2022-04-30 19:01:03
283,Churapcha,62.0025,132.4325,21.2,93,17,4.07,RU,2022-04-30 19:01:04
284,Palauig,15.435,119.9045,81.48,74,100,2.19,PH,2022-04-30 19:01:04
285,San Quintin,30.4833,-115.95,67.14,62,57,13.0,MX,2022-04-30 19:01:05
286,Beringovskiy,63.05,179.3167,24.87,92,100,16.22,RU,2022-04-30 19:01:06
287,Kirkwall,58.9848,-2.9587,46.96,93,100,12.66,GB,2022-04-30 19:01:06
288,Leshukonskoye,64.8989,45.7622,23.11,96,71,2.98,RU,2022-04-30 19:01:07
289,Sechura,-5.5569,-80.8222,81.03,55,81,11.23,PE,2022-04-30 19:01:07
290,Nicoya,10.1483,-85.452,89.58,53,100,3.2,CR,2022-04-30 19:01:08
291,Boyabat,41.4689,34.7667,57.76,77,73,4.32,TR,2022-04-30 19:01:08
292,San Carlos De Bariloche,-41.1456,-71.3082,47.26,86,100,6.51,AR,2022-04-30 19:01:09
293,Torbay,47.6666,-52.7314,44.76,96,100,4.61,CA,2022-04-30 18:56:31
294,Becerril,9.7041,-73.2793,91.49,57,98,4.88,CO,2022-04-30 19:01:10
295,Santa Rosa,14.3122,121.1114,83.08,77,100,7.7,PH,2022-04-30 19:01:10
296,Vila Franca Do Campo,37.7167,-25.4333,66.61,74,14,4.7,PT,2022-04-30 18:58:20
297,Vila Velha,-20.3297,-40.2925,85.95,77,20,9.22,BR,2022-04-30 18:58:36
298,Amiens,49.9,2.3,52.25,77,11,7.87,FR,2022-04-30 19:01:11
299,Te Anau,-45.4167,167.7167,57.33,73,100,8.99,NZ,2022-04-30 19:01:12
300,Muzhi,65.3667,64.6667,21.7,97,100,2.86,RU,2022-04-30 19:01:12
301,Mount Isa,-20.7333,139.5,65.97,82,60,0.0,AU,2022-04-30 18:58:33
302,Paamiut,61.994,-49.6678,32.72,91,92,15.46,GL,2022-04-30 19:01:13
303,Palmer,42.1584,-72.3287,62.24,29,100,7.0,US,2022-04-30 19:01:14
304,Leh,34.1667,77.5833,43.59,64,100,2.82,IN,2022-04-30 18:58:23
305,Konstantinovka,49.6167,127.9833,41.67,83,100,7.9,RU,2022-04-30 19:01:14
306,Tarakan,3.3,117.6333,80.55,79,99,1.5,ID,2022-04-30 19:01:15
307,Slupsk,54.4641,17.0287,46.69,82,100,6.67,PL,2022-04-30 19:01:15
308,Great Yarmouth,52.6083,1.7305,52.09,77,100,6.31,GB,2022-04-30 19:01:16
309,Poum,-20.2333,164.0167,75.97,77,1,5.17,NC,2022-04-30 18:59:13
310,Fort Portal,0.6617,30.2748,60.84,92,100,2.51,UG,2022-04-30 19:01:17
311,Arinos,-15.9169,-46.1056,89.24,25,5,6.46,BR,2022-04-30 19:01:17
312,Bell Ville,-32.6259,-62.6887,67.66,32,25,7.27,AR,2022-04-30 19:01:18
313,Yeniseysk,58.4497,92.1703,40.84,93,100,7.05,RU,2022-04-30 19:01:19
314,Nautla,20.2167,-96.7833,87.42,62,4,14.74,MX,2022-04-30 19:01:19
315,Havelock,34.8791,-76.9013,74.98,68,100,1.99,US,2022-04-30 19:01:20
316,Antu,26.05,81.9167,82.15,54,54,15.55,IN,2022-04-30 19:01:20
317,Lakota,5.8528,-5.6883,74.66,94,100,6.04,CI,2022-04-30 19:01:21
318,Puerto Leguizamo,-0.1934,-74.7819,75.25,93,100,1.68,CO,2022-04-30 19:01:22
319,Aire-Sur-La-Lys,50.6387,2.3988,52.07,74,17,6.71,FR,2022-04-30 19:01:22
320,Bulgan,48.8125,103.5347,48.25,29,98,3.24,MN,2022-04-30 19:01:23
321,Saskylakh,71.9167,114.0833,11.7,93,100,15.7,RU,2022-04-30 19:01:23
322,Shuyskoye,59.3736,41.0305,27.81,79,28,4.29,RU,2022-04-30 19:01:24
323,Nisporeni,47.0814,28.1783,56.59,71,46,2.04,MD,2022-04-30 19:01:24
324,Iqaluit,63.7506,-68.5145,23.7,79,100,8.01,CA,2022-04-30 19:01:25
325,Vicuna,-30.0319,-70.7081,81.09,20,0,7.34,CL,2022-04-30 19:01:26
326,Lorengau,-2.0226,147.2712,80.56,79,100,4.76,PG,2022-04-30 19:01:26
327,Belaya Gora,68.5333,146.4167,5.04,99,91,2.82,RU,2022-04-30 19:01:27
328,Shellbrook,53.2168,-106.4011,53.11,44,5,8.34,CA,2022-04-30 19:01:27
329,Marabba,12.35,32.1833,95.54,6,4,10.58,SD,2022-04-30 19:01:28
330,Tarko-Sale,64.9225,77.785,24.06,89,82,17.02,RU,2022-04-30 19:01:28
331,Acapulco,16.8634,-99.8901,87.67,49,85,10.74,MX,2022-04-30 18:59:25
332,Svobodnyy,51.4,128.1333,37.04,51,97,11.5,RU,2022-04-30 19:01:29
333,Altus,34.6381,-99.334,81.99,17,0,19.57,US,2022-04-30 19:00:14
334,Tavda,58.0425,65.2726,33.46,59,5,4.12,RU,2022-04-30 19:01:29
335,Burlington,39.8835,-74.6413,69.98,22,0,8.99,US,2022-04-30 19:00:55
336,Kailua,21.4022,-157.7394,76.14,78,86,8.01,US,2022-04-30 19:01:30
337,Ayagoz,47.9714,80.4392,57.51,23,100,3.44,KZ,2022-04-30 19:01:31
338,Oktyabrskoye,43.0645,44.7417,57.34,88,18,11.18,RU,2022-04-30 19:01:31
339,Laslea,46.2167,24.65,51.69,71,12,6.4,RO,2022-04-30 19:01:32
340,Kilindoni,-7.9139,39.6668,82.36,71,68,14.41,TZ,2022-04-30 19:01:32
341,Bintulu,3.1667,113.0333,77.43,90,99,3.06,MY,2022-04-30 19:01:33
342,Eureka,40.8021,-124.1637,57.2,85,97,1.01,US,2022-04-30 19:00:04
343,Gorahun,7.4661,-11.2375,78.48,81,39,5.68,SL,2022-04-30 19:01:33
344,Igrim,63.1906,64.4162,31.87,82,89,9.84,RU,2022-04-30 19:01:34
345,Roxana,10.2753,-83.7513,83.03,88,100,3.0,CR,2022-04-30 19:00:26
346,Srandakan,-7.9386,110.2506,77.04,88,99,5.08,ID,2022-04-30 19:01:35
347,Pimentel,-6.8367,-79.9342,71.19,75,59,11.12,PE,2022-04-30 19:01:35
348,Acari,-15.4311,-74.6158,78.84,55,84,9.95,PE,2022-04-30 19:01:36
349,Alta Floresta,-9.8756,-56.0861,94.82,41,40,8.05,BR,2022-04-30 18:59:58
350,Doraha,30.8167,76.0167,87.8,17,17,7.85,IN,2022-04-30 19:01:36
351,Camocim,-2.9022,-40.8411,81.41,86,38,6.51,BR,2022-04-30 19:01:37
352,Biltine,14.5333,20.9167,92.89,16,100,6.29,TD,2022-04-30 19:01:37
353,Kutum,14.2,24.6667,83.14,11,70,9.13,SD,2022-04-30 19:01:38
354,Winnipeg,49.8844,-97.147,41.09,98,100,17.0,CA,2022-04-30 19:00:02
355,Oskarshamn,57.2645,16.4484,38.98,69,89,6.22,SE,2022-04-30 19:01:39
356,Pokhara,28.2333,83.9833,71.91,51,100,3.42,NP,2022-04-30 19:01:39
357,Marawi,7.9986,124.2928,67.98,96,96,1.43,PH,2022-04-30 19:01:40
358,Nome,64.5011,-165.4064,41.16,70,100,11.45,US,2022-04-30 19:01:40
359,Erenhot,43.6475,111.9767,48.81,36,21,13.15,CN,2022-04-30 19:01:41
360,Pitsunda,43.1592,40.3378,53.78,94,64,3.91,GE,2022-04-30 19:01:41
361,Kaduy,59.2,37.15,29.26,63,22,4.29,RU,2022-04-30 19:01:42
362,Westport,41.1415,-73.3579,65.89,29,51,8.99,US,2022-04-30 19:00:06
363,Yebaishou,41.3975,119.6408,45.18,22,96,6.33,CN,2022-04-30 19:01:43
364,Charters Towers,-20.1,146.2667,67.51,82,0,6.17,AU,2022-04-30 19:01:43
365,Vardo,70.3705,31.1107,28.78,61,80,17.2,NO,2022-04-30 19:01:44
366,Krasnoborsk,61.5598,45.934,27.19,77,46,3.83,RU,2022-04-30 19:01:44
367,Seddon,-37.8068,144.8916,57.52,79,40,14.97,AU,2022-04-30 19:01:45
368,San Rafael,-34.6177,-68.3301,67.69,26,0,5.55,AR,2022-04-30 18:58:01
369,Binabalian,16.4202,119.9279,82.94,74,95,6.53,PH,2022-04-30 19:01:45
370,Neopolis,-10.32,-36.5794,80.69,68,99,8.66,BR,2022-04-30 19:01:46
371,Birao,10.2849,22.7882,89.89,28,98,3.65,CF,2022-04-30 19:01:46
372,Olinda,-8.0089,-34.8553,82.13,69,40,9.22,BR,2022-04-30 19:01:47
373,La Ronge,55.1001,-105.2842,39.42,81,100,6.91,CA,2022-04-30 19:01:48
374,Ylivieska,64.0833,24.55,29.32,89,64,3.51,FI,2022-04-30 19:01:48
375,Natal,-5.795,-35.2094,83.05,69,75,11.5,BR,2022-04-30 19:01:49
376,Jalu,29.0331,21.5482,81.27,19,1,8.52,LY,2022-04-30 19:01:49
377,Cape Canaveral,28.4058,-80.6048,84.27,65,40,13.8,US,2022-04-30 19:01:50
378,Angoche,-16.2325,39.9086,73.08,87,17,7.96,MZ,2022-04-30 19:01:50
379,Taltal,-25.4,-70.4833,66.29,71,24,9.84,CL,2022-04-30 19:00:30
380,San Andres,12.5847,-81.7006,80.89,80,78,13.51,CO,2022-04-30 19:00:14
381,Togur,58.3631,82.8265,34.38,85,100,8.86,RU,2022-04-30 19:01:51
382,Ewa Beach,21.3156,-158.0072,76.08,70,75,10.0,US,2022-04-30 19:01:52
383,Luorong,24.4058,109.6086,59.32,88,100,13.56,CN,2022-04-30 19:01:52
384,Maniitsoq,65.4167,-52.9,26.73,61,1,12.39,GL,2022-04-30 19:01:53
385,Farafangana,-22.8167,47.8333,72.86,84,99,2.59,MG,2022-04-30 19:01:53
386,Margate,51.3813,1.3862,51.31,76,100,1.99,GB,2022-04-30 19:01:54
387,Vao,-22.6667,167.4833,75.25,81,100,22.39,NC,2022-04-30 19:01:54
388,Kushima,31.4583,131.2333,60.71,80,100,3.36,JP,2022-04-30 19:01:55
389,Erdenet,49.0333,104.0833,47.26,34,100,1.34,MN,2022-04-30 19:01:55
390,Dickinson,29.4608,-95.0513,87.06,75,75,12.66,US,2022-04-30 18:58:07
391,Aksarka,66.5606,67.7975,16.05,92,13,7.99,RU,2022-04-30 19:01:56
392,Fare,-16.7,-151.0167,81.21,72,2,15.68,PF,2022-04-30 19:01:56
393,Labuhan,-6.8844,112.2051,79.47,88,100,6.24,ID,2022-04-30 18:59:26
394,Kihei,20.785,-156.4656,75.85,84,100,8.68,US,2022-04-30 19:01:57
395,Sayyan,15.1718,44.3244,65.52,43,100,6.08,YE,2022-04-30 19:01:58
396,Bengkulu,-3.8004,102.2655,76.6,88,82,4.16,ID,2022-04-30 18:57:33
397,Landerneau,48.4525,-4.2525,54.36,85,75,11.5,FR,2022-04-30 19:01:58
398,Pacific Grove,36.6177,-121.9166,68.23,85,75,11.5,US,2022-04-30 19:01:59
399,Ust-Maya,60.4167,134.5333,18.55,98,54,1.5,RU,2022-04-30 19:01:59
400,Rantepao,-2.9701,119.8978,68.07,94,85,1.92,ID,2022-04-30 19:00:59
401,Williston,48.147,-103.618,58.8,48,100,5.99,US,2022-04-30 19:02:00
402,Poole,50.7167,-2.0,54.27,77,0,5.75,GB,2022-04-30 19:02:00
403,Cancun,21.1743,-86.8466,86.05,58,40,11.5,MX,2022-04-30 18:59:18
404,Rocha,-34.4833,-54.3333,61.0,56,100,2.13,UY,2022-04-30 19:02:01
405,Zastron,-30.3023,27.084,49.8,37,0,4.21,ZA,2022-04-30 19:02:02
406,Tabuk,17.4189,121.4443,74.64,88,84,4.38,PH,2022-04-30 19:02:02
407,Lagoa,39.05,-27.9833,61.16,86,0,11.74,PT,2022-04-30 19:02:03
408,Cameta,-2.2444,-49.4958,84.51,70,91,3.87,BR,2022-04-30 19:02:03
409,Longhua,23.6137,114.1919,66.79,97,100,4.25,CN,2022-04-30 19:02:04
410,Kosa,59.9445,54.9977,32.65,82,87,8.25,RU,2022-04-30 19:02:04
411,Severo-Kurilsk,50.6789,156.125,33.08,83,100,7.25,RU,2022-04-30 19:02:05
412,Yabrud,33.9674,36.6574,60.33,45,0,15.35,SY,2022-04-30 19:02:05
413,Aksu,41.1231,80.2644,63.57,19,100,7.11,CN,2022-04-30 18:57:06
414,Viedma,-40.8135,-62.9967,61.79,28,62,16.22,AR,2022-04-30 19:02:06
415,Kahului,20.8947,-156.47,75.85,84,100,10.0,US,2022-04-30 19:02:07
416,Koupela,12.1794,-0.3517,93.97,24,11,1.5,BF,2022-04-30 19:02:07
417,Linjiang,41.8069,126.9078,33.35,95,98,2.06,CN,2022-04-30 19:02:08
418,Portland,45.5234,-122.6762,58.46,80,100,8.01,US,2022-04-30 19:01:49
419,Makakilo City,21.3469,-158.0858,74.68,70,75,4.61,US,2022-04-30 18:58:52
420,Palasa,18.7667,84.4167,79.52,94,66,10.58,IN,2022-04-30 19:02:09
421,Tigil,57.8,158.6667,25.63,98,99,1.61,RU,2022-04-30 18:59:34
422,Outjo,-20.1167,16.15,67.24,50,21,5.5,NA,2022-04-30 19:02:09
423,Zyryanka,65.75,150.85,9.01,96,100,2.75,RU,2022-04-30 19:02:10
424,College,64.8569,-147.8028,51.48,42,9,1.99,US,2022-04-30 18:58:58
425,Benjamin Hill,30.1667,-111.1,84.61,10,96,7.25,MX,2022-04-30 19:02:11
426,Gat,31.61,34.7642,68.4,100,0,8.59,IL,2022-04-30 18:57:41
427,Tucuman,-26.8241,-65.2226,65.05,65,94,3.94,AR,2022-04-30 19:00:17
428,Airai,-8.9266,125.4092,59.88,87,92,3.02,TL,2022-04-30 19:02:12
429,Key West,24.5557,-81.7826,81.0,68,7,11.77,US,2022-04-30 19:00:06
430,Jiaozuo,35.2397,113.2331,52.05,62,100,5.59,CN,2022-04-30 19:02:12
431,Jinchang,38.4953,102.1739,45.23,42,91,5.93,CN,2022-04-30 19:02:13
432,Joniskis,56.2403,23.6153,45.52,58,95,6.6,LT,2022-04-30 19:02:13
433,Bama,11.5221,13.6856,93.16,28,100,3.51,NG,2022-04-30 19:02:14
434,Roebourne,-20.7833,117.1333,76.42,51,92,11.77,AU,2022-04-30 18:59:26
435,Dumas,35.8656,-101.9732,71.62,20,0,16.11,US,2022-04-30 19:02:15
436,Teahupoo,-17.8333,-149.2667,75.16,76,56,15.37,PF,2022-04-30 19:02:15
437,Goya,-29.14,-59.2626,60.22,62,100,4.97,AR,2022-04-30 18:58:02
438,Brenham,30.1669,-96.3977,87.66,64,40,8.05,US,2022-04-30 19:02:16
439,Sorong,-0.8833,131.25,79.16,86,100,5.61,ID,2022-04-30 18:58:13
440,Pueblo Bello,8.2041,-76.526,84.88,73,95,3.4,CO,2022-04-30 19:02:17
441,Ishigaki,24.3448,124.1572,76.3,86,100,17.43,JP,2022-04-30 19:02:18
442,Cabinda,-5.55,12.2,80.28,83,100,6.58,AO,2022-04-30 19:02:18
443,Shingu,33.7333,135.9833,59.27,83,100,8.14,JP,2022-04-30 19:02:19
444,Lyuban,52.7985,28.0048,43.5,55,15,4.41,BY,2022-04-30 19:02:20
445,Alcantara,-2.4089,-44.4147,82.6,83,85,6.33,BR,2022-04-30 19:02:20
446,Penha,-26.7694,-48.6458,68.25,70,93,0.16,BR,2022-04-30 19:02:22
447,Coihaique,-45.5752,-72.0662,43.23,98,100,4.81,CL,2022-04-30 19:02:22
448,Yanam,16.7333,82.2167,80.04,89,52,2.64,IN,2022-04-30 19:02:23
449,Swellendam,-34.0226,20.4417,58.05,81,11,5.44,ZA,2022-04-30 19:02:23
450,Buala,-8.145,159.5921,79.41,81,100,1.79,SB,2022-04-30 18:59:34
451,Cairns,-16.9167,145.7667,74.07,94,75,10.36,AU,2022-04-30 18:59:25
452,Weinan,34.5036,109.5089,54.9,45,100,6.24,CN,2022-04-30 19:02:24
453,Vzmorye,54.6961,20.2361,48.29,66,100,7.56,RU,2022-04-30 19:02:25
454,Mul,20.0667,79.6667,94.96,15,63,3.31,IN,2022-04-30 19:02:25
455,Malinovoye Ozero,51.6753,79.7825,64.74,27,13,11.97,RU,2022-04-30 19:02:26
456,Sakakah,29.9697,40.2064,86.45,10,0,17.6,SA,2022-04-30 19:02:26
457,Chivolo,10.025,-74.6228,92.82,48,100,5.77,CO,2022-04-30 19:02:27
458,Rawson,-43.3002,-65.1023,58.14,44,100,19.62,AR,2022-04-30 18:58:32
459,Repnoye,51.5921,43.1861,44.92,71,44,9.24,RU,2022-04-30 19:02:28
460,Rio Grande,-32.035,-52.0986,63.95,61,4,7.34,BR,2022-04-30 19:02:28
461,Nyaunglebin,17.95,96.7333,76.98,87,99,1.25,MM,2022-04-30 19:02:29
462,Gurlan,41.8447,60.3919,71.67,41,100,12.41,UZ,2022-04-30 19:02:29
463,Hami,42.8,93.45,61.21,16,0,5.41,CN,2022-04-30 19:02:30
464,Mazagao,-0.115,-51.2894,81.14,80,89,4.52,BR,2022-04-30 19:02:30
465,Hofn,64.2539,-15.2082,47.62,82,16,11.77,IS,2022-04-30 19:02:31
466,Fukumitsu,36.55,136.8667,50.22,91,100,1.99,JP,2022-04-30 19:02:31
467,Irtyshskiy,58.3333,68.1333,34.5,63,8,4.99,RU,2022-04-30 19:02:32
468,Mana,5.6592,-53.7767,83.37,67,55,9.86,GF,2022-04-30 19:02:33
469,Tautira,-17.7333,-149.15,79.66,75,32,14.74,PF,2022-04-30 18:57:50
470,La Sarre,48.8002,-79.1996,52.83,45,37,5.39,CA,2022-04-30 19:00:39
471,Kapit,2.0167,112.9333,75.16,99,100,0.98,MY,2022-04-30 19:02:34
472,High Level,58.5169,-117.136,40.46,72,98,4.74,CA,2022-04-30 19:00:45
473,Kachiry,53.0675,76.1036,59.83,66,90,18.07,KZ,2022-04-30 19:02:34
474,Akcakoca,41.0866,31.1162,53.78,97,100,2.73,TR,2022-04-30 19:02:35
475,Buzuluk,52.7807,52.2635,47.73,50,6,0.72,RU,2022-04-30 19:02:36
476,Guymon,36.6828,-101.4816,73.4,14,0,25.32,US,2022-04-30 19:02:36
477,Kedrovyy,56.1667,91.8167,64.81,68,100,3.15,RU,2022-04-30 19:02:37
478,Katobu,-4.9408,122.5276,75.09,95,100,2.35,ID,2022-04-30 19:02:38
479,Bjelovar,45.8986,16.8489,53.15,85,38,4.12,HR,2022-04-30 19:02:38
480,Korgen,66.0771,13.8153,35.92,88,36,1.48,NO,2022-04-30 19:02:39
481,Barabai,-2.5833,115.3833,74.41,96,100,1.57,ID,2022-04-30 19:02:39
482,Bonthe,7.5264,-12.505,82.13,75,46,9.15,SL,2022-04-30 19:02:40
483,Hailar,49.2,119.7,32.2,47,22,2.91,CN,2022-04-30 19:02:40
484,Znamenka,52.4167,41.4311,40.86,63,18,9.19,RU,2022-04-30 19:02:41
485,Murgab,37.4966,61.9714,85.32,18,100,10.45,TM,2022-04-30 19:02:41
486,Yatou,37.15,122.3833,46.27,31,69,7.18,CN,2022-04-30 19:02:42
487,Moron,-34.6534,-58.6198,58.98,44,100,1.16,AR,2022-04-30 19:02:42
488,Mendota,36.7536,-120.3816,81.0,20,0,7.76,US,2022-04-30 19:00:11
489,Cowra,-33.8333,148.6833,44.83,79,0,2.15,AU,2022-04-30 18:57:47
490,Lusambo,-4.9667,23.45,72.12,93,48,0.85,CD,2022-04-30 19:02:43
491,Pundaguitan,6.3711,126.1689,79.75,83,98,8.16,PH,2022-04-30 19:02:44
492,Joue-Les-Tours,47.3522,0.6691,57.54,58,0,4.61,FR,2022-04-30 19:02:44
493,Albanel,48.8832,-72.4487,49.14,56,100,8.34,CA,2022-04-30 19:01:31
494,Beloha,-25.1667,45.05,69.46,77,14,5.57,MG,2022-04-30 18:58:34
495,Lebu,-37.6167,-73.65,54.5,61,2,14.27,CL,2022-04-30 19:02:45
496,Laredo,27.5064,-99.5075,88.09,58,75,0.0,US,2022-04-30 19:02:16
497,Sibu,2.3,111.8167,76.05,96,100,1.63,MY,2022-04-30 19:02:46
498,Chabahar,25.2919,60.643,86.36,68,100,23.06,IR,2022-04-30 18:58:54
499,Lavrentiya,65.5833,-171.0,25.02,88,100,13.73,RU,2022-04-30 19:02:46
500,Polunochnoye,60.8697,60.4153,29.14,83,100,5.19,RU,2022-04-30 19:02:47
501,Jalna,19.8333,75.8833,89.26,21,5,11.43,IN,2022-04-30 19:02:47
502,Keratea,37.8073,23.9769,65.46,55,0,6.91,GR,2022-04-30 19:02:48
503,Bilma,18.6853,12.9164,95.61,8,31,4.18,NE,2022-04-30 19:02:49
504,Panzhihua,26.5851,101.7128,63.93,74,69,5.55,CN,2022-04-30 19:02:49
505,Petropavlovsk-Kamchatskiy,53.0452,158.6483,28.99,74,40,6.71,RU,2022-04-30 19:02:50
506,Richards Bay,-28.783,32.0377,67.21,75,13,10.47,ZA,2022-04-30 19:02:50
507,Noumea,-22.2763,166.4572,77.0,99,67,10.71,NC,2022-04-30 19:02:51
508,Metu,8.3,35.5833,60.44,98,100,3.31,ET,2022-04-30 19:02:51
509,Tias,28.9611,-13.645,67.68,68,20,24.16,ES,2022-04-30 19:02:52
510,Nanakuli,21.3906,-158.1547,76.1,68,75,4.61,US,2022-04-30 19:02:52
511,Mao,39.8885,4.2658,63.16,63,0,6.91,ES,2022-04-30 19:02:53
512,Coromoro,6.2946,-73.0402,73.98,78,86,1.61,CO,2022-04-30 19:02:53
513,Ejea De Los Caballeros,42.1263,-1.1372,66.42,61,100,18.54,ES,2022-04-30 19:02:54
514,Golden,39.7555,-105.2211,64.35,26,0,11.5,US,2022-04-30 19:00:38
515,Basco,20.4487,121.9702,81.48,79,15,10.36,PH,2022-04-30 19:02:54
516,Riosucio,5.4216,-75.7032,73.92,68,100,2.15,CO,2022-04-30 19:02:55
517,Arlit,18.7369,7.3853,94.44,6,100,7.02,NE,2022-04-30 19:02:55
518,Bam,29.106,58.357,80.08,29,85,10.65,IR,2022-04-30 19:02:56
519,Aguimes,27.9054,-15.4461,68.67,58,20,24.16,ES,2022-04-30 19:02:57
520,Biak,-0.9131,122.8766,76.77,86,99,3.83,ID,2022-04-30 18:59:11
521,Altay,47.8667,88.1167,51.55,32,95,10.51,CN,2022-04-30 19:02:57
522,North Bend,43.4065,-124.2243,55.17,87,100,11.5,US,2022-04-30 19:02:58
523,Heinola,61.2056,26.0381,37.99,81,97,4.79,FI,2022-04-30 19:02:58
524,Mareeba,-17.0,145.4333,69.44,92,53,1.74,AU,2022-04-30 19:02:59
525,Santarem,-2.4431,-54.7083,85.12,65,30,4.21,BR,2022-04-30 19:02:59
526,Octeville,49.6261,-1.6435,48.69,81,0,8.05,FR,2022-04-30 19:03:00
527,Pinega,64.7001,43.3936,24.17,91,28,4.76,RU,2022-04-30 19:03:00
528,Hagi,34.4,131.4167,54.86,76,100,1.61,JP,2022-04-30 19:03:01
529,Lichuan,30.3,108.85,47.17,96,100,1.59,CN,2022-04-30 19:03:02
530,Hit,33.6416,42.8251,83.19,24,100,13.71,IQ,2022-04-30 19:03:02
531,Metro,-5.1131,105.3067,75.16,93,98,4.76,ID,2022-04-30 19:03:03
532,Bollnas,61.3482,16.3946,41.88,63,100,4.29,SE,2022-04-30 19:01:44
533,Vuktyl,63.8567,57.3094,25.92,98,97,2.59,RU,2022-04-30 19:03:03
534,Bayburt,40.2589,40.2278,53.19,73,100,3.58,TR,2022-04-30 19:03:04
535,Dawson Creek,55.7666,-120.2362,37.04,87,100,4.61,CA,2022-04-30 19:00:33
536,Bloemfontein,-29.1211,26.214,53.29,33,0,6.73,ZA,2022-04-30 19:00:35
537,Sabang,5.8933,95.3214,84.11,74,100,7.36,ID,2022-04-30 19:03:05
538,Amalapuram,16.5833,82.0167,80.56,86,10,2.28,IN,2022-04-30 18:59:51
539,Nusaybin,37.0778,41.2178,63.81,81,100,3.04,TR,2022-04-30 19:03:06
540,Belmonte,-15.8631,-38.8828,78.53,75,33,6.06,BR,2022-04-30 19:03:06
541,Roros,62.5747,11.3842,35.44,75,100,10.36,NO,2022-04-30 19:03:07
542,Ashington,50.9331,-0.3909,55.69,82,0,7.0,GB,2022-04-30 19:03:07
543,Hirara,24.8,125.2833,75.36,86,100,10.4,JP,2022-04-30 18:59:12
544,Mlonggo,-6.5333,110.7,79.43,83,100,5.59,ID,2022-04-30 19:03:08
545,Ucluelet,48.9329,-125.5528,53.1,85,97,1.01,CA,2022-04-30 19:00:39
546,Xiaoweizhai,26.1903,107.5125,50.72,87,100,8.77,CN,2022-04-30 19:03:08
547,Cayenne,4.9333,-52.3333,86.04,34,20,13.8,GF,2022-04-30 19:03:09
548,Castiglione Delle Stiviere,45.3906,10.4853,66.27,42,75,3.44,IT,2022-04-30 19:03:10
549,Ahipara,-35.1667,173.1667,57.16,89,9,6.67,NZ,2022-04-30 19:03:10
550,Tateyama,34.9833,139.8667,57.92,69,100,8.81,JP,2022-04-30 19:00:14
551,Fairview,40.8126,-73.999,68.63,20,0,12.66,US,2022-04-30 19:03:11
552,Aykhal,66.0,111.5,14.0,93,100,26.69,RU,2022-04-30 19:03:12
553,San Lucas,16.6,-92.7167,90.36,37,7,5.73,MX,2022-04-30 19:03:12
554,Banda Aceh,5.5577,95.3222,81.37,82,100,5.73,ID,2022-04-30 19:03:13
555,Sovetskiy,61.3614,63.5842,33.15,64,97,9.89,RU,2022-04-30 18:59:52
556,Necochea,-38.5473,-58.7368,58.14,38,9,9.35,AR,2022-04-30 19:03:13
557,Sioux Lookout,50.1001,-91.917,57.27,24,100,11.5,CA,2022-04-30 18:59:17
558,Negru Voda,43.8167,28.2,52.32,89,6,5.93,RO,2022-04-30 19:03:14
559,Jieshi,22.8134,115.8257,75.94,89,100,16.35,CN,2022-04-30 19:03:15
560,Tutoia,-2.7619,-42.2744,81.27,87,38,5.91,BR,2022-04-30 19:03:15
561,Axim,4.8699,-2.2405,80.82,83,99,8.39,GH,2022-04-30 18:59:40
562,Diu,20.7141,70.9822,82.36,78,0,14.41,IN,2022-04-30 19:03:16
563,Ayan,56.45,138.1667,32.05,93,100,7.4,RU,2022-04-30 19:03:16
564,Olafsvik,64.8945,-23.7142,45.05,87,95,16.87,IS,2022-04-30 19:03:17
565,Bow Island,49.8668,-111.3684,58.48,29,49,13.31,CA,2022-04-30 19:00:02
566,Chai Badan,15.2,101.1333,86.04,61,100,3.91,TH,2022-04-30 19:03:18
567,Naples,40.8333,14.25,65.14,43,0,5.75,IT,2022-04-30 19:01:38
568,Iquique,-20.2208,-70.1431,67.82,72,8,5.73,CL,2022-04-30 19:02:28
569,Tiznit,29.5833,-9.5,71.64,34,0,6.96,MA,2022-04-30 18:59:03
570,Shadegan,30.6497,48.6647,86.05,29,0,7.16,IR,2022-04-30 19:03:19
571,Strezhevoy,60.7333,77.5889,25.34,79,0,1.54,RU,2022-04-30 19:03:20
572,Marrakesh,31.6315,-8.0083,80.67,29,0,17.27,MA,2022-04-30 19:03:20
573,Inirida,3.8653,-67.9239,77.74,88,100,5.97,CO,2022-04-30 19:00:19
574,America Dourada,-11.4553,-41.4361,81.68,43,100,12.06,BR,2022-04-30 19:03:21
575,Saint-Augustin,51.226,-58.6502,38.93,88,100,15.52,CA,2022-04-30 19:03:22
576,Puerto Baquerizo Moreno,-0.9,-89.6,72.73,87,50,11.81,EC,2022-04-30 19:03:22
577,Lalmohan,22.3384,90.7419,81.7,77,4,9.84,BD,2022-04-30 19:03:23
578,Harnosand,62.6323,17.9379,46.42,63,100,8.48,SE,2022-04-30 19:03:23
579,Sobolevo,54.4299,31.8996,38.91,65,18,0.58,RU,2022-04-30 19:03:24
580,Aberdeen,57.1437,-2.0981,48.69,87,100,10.36,GB,2022-04-30 19:01:56
581,Kanigoro,-8.13,112.219,73.11,94,100,3.2,ID,2022-04-30 19:03:24
582,Mansa,29.9833,75.3833,92.17,11,23,5.88,IN,2022-04-30 19:03:25
583,Kloulklubed,7.0419,134.2556,82.31,74,100,4.83,PW,2022-04-30 19:03:26
584,Laguna,38.421,-121.4238,79.05,40,0,6.91,US,2022-04-30 19:03:26
585,Alyangula,-13.8483,136.4192,80.33,68,69,10.67,AU,2022-04-30 19:03:26
586,Ust-Nera,64.5667,143.2,24.6,95,97,4.74,RU,2022-04-30 19:03:27
587,Methoni,36.8197,21.7049,65.21,86,1,5.08,GR,2022-04-30 19:03:28
588,Escanaba,45.7453,-87.0646,52.25,64,100,3.0,US,2022-04-30 19:03:16
589,Ulaangom,49.9811,92.0667,51.76,29,100,1.66,MN,2022-04-30 19:01:13
590,Saint-Francois,46.4154,3.9054,53.67,66,0,9.22,FR,2022-04-30 19:03:29
591,Stodolishche,54.1859,32.6492,38.32,66,23,1.48,RU,2022-04-30 19:03:29
592,Andenes,69.3143,16.1194,33.78,75,75,4.61,NO,2022-04-30 19:03:30
593,Pawai,24.2667,80.1667,93.0,13,0,4.52,IN,2022-04-30 19:03:30
594,Saint-Georges,12.0564,-61.7485,81.75,70,84,16.13,GD,2022-04-30 19:03:25
595,Marienburg,54.0359,19.0266,54.57,57,100,5.99,PL,2022-04-30 19:03:31
596,Kokuy,52.2037,117.5529,38.88,33,100,2.37,RU,2022-04-30 19:03:31
597,Saratoga,43.1001,-73.8496,64.44,30,81,5.99,US,2022-04-30 19:03:32
598,Semnan,35.5729,53.3971,62.42,64,40,4.88,IR,2022-04-30 19:03:32
599,Kalevala,65.2,31.1667,24.8,91,58,3.15,RU,2022-04-30 18:59:55
600,Diriomo,11.8761,-86.0518,90.25,38,98,8.03,NI,2022-04-30 19:03:33
601,Sterling,39.0062,-77.4286,70.56,28,75,5.01,US,2022-04-30 19:03:34
602,Taganak,6.0833,118.3,82.33,79,100,6.4,PH,2022-04-30 19:03:34
603,Sehithwa,-20.4667,22.7167,72.09,35,13,2.42,BW,2022-04-30 19:03:35
604,Shancheng,34.7953,116.0817,48.52,37,21,5.28,CN,2022-04-30 19:03:35
605,Yulara,-25.2406,130.9889,60.94,51,100,13.53,AU,2022-04-30 19:03:36
606,Kharagpur,22.3333,87.3333,80.92,84,12,12.24,IN,2022-04-30 19:03:36
607,Shu,43.5983,73.7614,64.49,68,2,8.12,KZ,2022-04-30 19:03:37
608,Tyup,42.7276,78.3648,52.32,44,13,1.28,KG,2022-04-30 19:03:37
609,Dombas,62.0696,9.1235,29.41,87,32,4.79,NO,2022-04-30 19:03:38
610,Rantauprapat,2.1,99.8333,74.57,98,100,1.28,ID,2022-04-30 19:03:38
611,Hobyo,5.3505,48.5268,85.15,72,85,12.5,SO,2022-04-30 19:03:39
612,Simao,22.7886,100.9748,60.76,92,57,1.39,CN,2022-04-30 19:03:39
613,Nouadhibou,20.931,-17.0347,66.04,82,100,25.41,MR,2022-04-30 19:03:40
614,Nurota,40.5614,65.6886,74.41,28,100,8.61,UZ,2022-04-30 19:03:41
615,Telma,52.6983,103.7097,50.94,68,100,2.98,RU,2022-04-30 19:03:41
616,Haslev,55.3235,11.9639,47.84,79,7,5.57,DK,2022-04-30 19:03:42
617,Saint Anthony,45.0205,-93.218,51.66,91,100,12.66,US,2022-04-30 18:59:46
618,Fort Dodge,42.4975,-94.168,55.53,80,100,17.29,US,2022-04-30 18:59:46
619,Carambei,-24.9178,-50.0972,67.91,76,82,1.88,BR,2022-04-30 19:03:43
620,Lensk,60.7253,114.9278,36.73,100,100,4.7,RU,2022-04-30 19:03:43
621,Vostok,46.4856,135.8833,35.98,78,100,4.85,RU,2022-04-30 19:03:44
622,Okahandja,-21.9833,16.9167,65.19,37,2,6.93,NA,2022-04-30 19:03:44
623,Faya,18.3851,42.4509,68.83,37,14,10.16,SA,2022-04-30 19:03:45
624,Mehamn,71.0357,27.8492,26.19,72,95,12.44,NO,2022-04-30 19:03:45
625,Port-Cartier,50.0334,-66.8654,46.74,80,50,11.23,CA,2022-04-30 19:03:46
626,Adrar,20.5022,-10.0711,85.6,9,0,7.16,MR,2022-04-30 19:02:25
627,Calatayud,41.3535,-1.6432,61.65,56,100,7.18,ES,2022-04-30 19:03:46
628,Kizukuri,40.8061,140.3861,47.1,54,100,5.01,JP,2022-04-30 19:03:47
629,Rio Gallegos,-51.6226,-69.2181,45.39,54,14,5.68,AR,2022-04-30 19:03:48
630,Waltershausen,50.9,10.5667,52.84,86,99,5.1,DE,2022-04-30 19:03:48
631,Baijiantan,45.6333,85.1833,66.09,14,37,8.93,CN,2022-04-30 19:03:49
632,Kemijarvi,66.7131,27.4306,27.5,84,94,1.45,FI,2022-04-30 19:03:49
633,Todos Santos,23.45,-110.2167,74.3,47,98,9.46,MX,2022-04-30 19:03:50
634,Rabo De Peixe,37.8,-25.5833,65.71,77,20,10.36,PT,2022-04-30 19:03:50
635,Lima,-12.0432,-77.0282,70.66,72,90,9.53,PE,2022-04-30 19:02:46
636,Quatre Cocos,-20.2078,57.7625,77.11,78,56,11.74,MU,2022-04-30 19:03:51
637,Nizhnyaya Tavda,57.6731,66.1725,37.13,55,99,4.21,RU,2022-04-30 19:03:51
638,Vigeland,58.0844,7.305,49.41,62,100,4.41,NO,2022-04-30 19:03:52
639,Murdochville,48.9583,-65.5006,33.12,98,100,8.99,CA,2022-04-30 19:03:53
640,Thoen,17.6129,99.2161,76.46,88,100,2.44,TH,2022-04-30 19:03:53
641,Homer,59.6425,-151.5483,42.69,76,100,16.11,US,2022-04-30 19:00:34
642,Portel,-1.9356,-50.8211,82.54,83,61,3.89,BR,2022-04-30 19:03:54
643,Bambanglipuro,-7.95,110.2833,76.95,88,91,5.61,ID,2022-04-30 19:03:54
644,Thinadhoo,0.5333,72.9333,86.07,67,97,15.12,MV,2022-04-30 19:03:55
645,Bristol,41.8334,-71.1662,61.81,37,40,8.05,US,2022-04-30 19:01:48
646,Kawalu,-7.3817,108.2082,72.55,96,99,2.57,ID,2022-04-30 19:03:56
647,Ketou,7.3633,2.5998,80.04,76,83,5.86,BJ,2022-04-30 19:03:56
648,Talitsa,56.8804,60.0213,32.54,61,33,4.32,RU,2022-04-30 19:03:57
649,Tual,-5.6667,132.75,84.09,73,100,15.1,ID,2022-04-30 19:03:57
650,Nhulunbuy,-12.2333,136.7667,81.21,78,75,12.66,AU,2022-04-30 19:03:58
651,Rorvik,64.8621,11.2373,40.98,71,40,2.53,NO,2022-04-30 19:03:58
652,Raga,8.4596,25.678,88.81,27,100,4.23,SS,2022-04-30 19:03:59
653,Bertoua,4.5833,13.6833,74.28,77,100,2.57,CM,2022-04-30 19:04:00
654,Zhezkazgan,47.8043,67.7144,68.59,31,100,5.93,KZ,2022-04-30 19:04:00
655,Samur,41.8253,48.486,53.91,94,100,4.76,RU,2022-04-30 19:04:01
656,Kombissiri,12.0656,-1.3375,91.27,26,18,6.49,BF,2022-04-30 19:04:01
657,Marfino,55.7028,37.3822,41.25,48,0,2.24,RU,2022-04-30 19:04:02
658,Sao Joao Da Barra,-21.6403,-41.0511,77.95,75,20,11.56,BR,2022-04-30 19:04:02
659,Alexandria,31.2156,29.9553,66.16,78,0,13.02,EG,2022-04-30 19:00:30
660,Tahta,26.7693,31.5021,85.95,15,0,10.31,EG,2022-04-30 19:04:03
661,Rawah,34.4816,41.9093,82.15,27,100,17.27,IQ,2022-04-30 19:04:04
662,Haguenau,48.8156,7.7905,52.34,73,30,4.63,FR,2022-04-30 19:04:04
663,Kamaishi,39.2667,141.8833,44.64,78,100,9.04,JP,2022-04-30 19:04:05
664,Porto Santo,33.072,-16.3415,64.78,77,20,17.27,PT,2022-04-30 19:04:05
665,Dembi Dolo,8.5333,34.8,61.07,96,100,3.18,ET,2022-04-30 19:04:06
666,Camacha,33.0833,-16.3333,62.02,77,20,17.27,PT,2022-04-30 19:04:06
667,Rochegda,62.8,43.25,24.42,95,79,2.59,RU,2022-04-30 19:04:07
668,Takoradi,4.8845,-1.7554,81.64,80,100,8.57,GH,2022-04-30 19:04:08
669,Cardston,49.2,-113.3019,53.08,31,100,16.44,CA,2022-04-30 19:00:27
670,Iskateley,67.6803,53.1512,21.94,94,100,12.33,RU,2022-04-30 19:04:08
671,Lubumbashi,-11.6609,27.4794,66.02,74,99,2.28,CD,2022-04-30 19:04:09
672,Villefranche-Sur-Saone,45.9833,4.7167,61.34,55,88,11.01,FR,2022-04-30 19:01:09
673,Gillette,44.2911,-105.5022,47.1,69,100,21.85,US,2022-04-30 19:02:59
674,Evensk,61.95,159.2333,29.68,67,13,8.79,RU,2022-04-30 19:04:10
675,Uray,60.1247,64.7758,32.47,59,50,7.25,RU,2022-04-30 19:04:10
676,Pita,10.8333,-12.5833,72.23,93,100,2.86,GN,2022-04-30 19:04:11
677,Omsukchan,62.5333,155.8,16.86,96,100,1.48,RU,2022-04-30 19:04:11
678,Falam,22.9167,93.6833,59.7,68,9,1.43,MM,2022-04-30 19:04:12
679,Paratinga,-12.6906,-43.1842,91.94,25,4,5.17,BR,2022-04-30 19:04:12
680,Canutama,-6.5339,-64.3831,84.18,78,99,2.44,BR,2022-04-30 19:04:13
681,Isla Vista,34.4133,-119.861,86.31,35,0,7.74,US,2022-04-30 19:04:13
682,Odesa,46.4775,30.7326,52.75,69,27,5.12,UA,2022-04-30 19:03:25
683,Provideniya,64.3833,-173.3,30.13,90,100,18.03,RU,2022-04-30 19:03:02
684,Vagur,61.4732,-6.8119,45.39,91,100,10.89,FO,2022-04-30 19:04:14
685,Jaca,42.569,-0.5499,58.98,74,100,6.15,ES,2022-04-30 19:04:15
686,Bundi,25.4417,75.6417,93.33,20,0,5.03,IN,2022-04-30 19:04:16
687,Manokwari,-0.8667,134.0833,77.54,84,100,3.85,ID,2022-04-30 19:04:16
688,Coxim,-18.5067,-54.76,94.48,24,51,9.33,BR,2022-04-30 19:03:04
689,San Lawrenz,36.0553,14.204,62.01,68,50,3.15,MT,2022-04-30 19:04:17
690,Ca Mau,9.1769,105.15,78.64,86,99,3.69,VN,2022-04-30 19:04:18
691,Luyang,27.6239,110.0989,52.86,96,75,3.91,CN,2022-04-30 19:04:18
692,Khorramshahr,30.4397,48.1664,86.2,28,0,6.26,IR,2022-04-30 19:04:19
693,Meulaboh,4.1363,96.1285,79.5,85,100,1.01,ID,2022-04-30 19:04:19
694,Tuy Hoa,13.0833,109.3,76.41,92,100,3.67,VN,2022-04-30 19:01:55
695,Ponta Delgada,37.7333,-25.6667,66.92,77,20,10.36,PT,2022-04-30 19:04:20
696,Kirkland Lake,48.1446,-80.0377,56.34,38,11,5.28,CA,2022-04-30 19:04:21
697,Karagaylinskiy,54.172,86.5521,59.34,52,100,9.31,RU,2022-04-30 19:04:21
698,Kontagora,10.3999,5.4695,83.84,52,93,13.2,NG,2022-04-30 19:04:22
699,Sao Jose Da Coroa Grande,-8.8978,-35.1478,80.71,70,99,9.06,BR,2022-04-30 19:04:22
700,Karaton,-6.3424,106.1045,73.63,97,99,0.58,ID,2022-04-30 19:04:23
701,Mantenopolis,-18.8625,-41.1228,81.37,47,6,4.81,BR,2022-04-30 19:04:23
702,Myaundzha,63.0494,147.1858,24.69,96,100,0.65,RU,2022-04-30 19:04:24
703,Kendal,54.3268,-2.7476,49.6,85,100,10.47,GB,2022-04-30 19:01:21
704,Sesimbra,38.4445,-9.1015,76.15,63,5,12.64,PT,2022-04-30 19:04:24
705,Bukavu,-2.5083,28.8608,60.91,96,61,1.41,CD,2022-04-30 19:04:25
706,Makinsk,52.6292,70.4169,51.13,61,61,16.06,KZ,2022-04-30 19:04:26
707,Arrecife,28.963,-13.5477,69.78,68,20,24.16,ES,2022-04-30 19:04:26
708,Wenzhou,27.9994,120.6668,58.59,92,100,1.41,CN,2022-04-30 19:04:27
709,Sarkand,45.41,79.9186,63.82,28,100,7.78,KZ,2022-04-30 19:04:27
710,Hispania,5.7993,-75.9072,81.5,75,100,3.0,CO,2022-04-30 19:04:28
711,Nizwa,22.9333,57.5333,86.16,34,53,5.19,OM,2022-04-30 19:04:28
712,Blairmore,49.6,-114.4353,49.53,44,100,5.1,CA,2022-04-30 19:03:35
713,Poquoson,37.1224,-76.3458,66.22,55,100,5.01,US,2022-04-30 19:04:29
714,Bogotol,56.2078,89.5342,52.39,76,100,2.3,RU,2022-04-30 19:04:29
715,Honningsvag,70.9821,25.9704,29.95,80,75,13.8,NO,2022-04-30 19:04:30
716,Piney Green,34.716,-77.3202,77.18,60,75,5.75,US,2022-04-30 19:04:30
717,Hun,29.1268,15.9477,83.16,13,42,17.18,LY,2022-04-30 19:04:31
718,Baghmara,23.795,86.2085,83.88,62,98,12.8,IN,2022-04-30 19:04:31
719,Inhambane,-23.865,35.3833,70.84,82,3,3.94,MZ,2022-04-30 19:04:32
